cost_mrd,worst_q_share,ci_need
2.0445549336420723,0.25146885216120346,0.24086349034587692
4.018884025239877,0.26484006769160434,0.25026773171006544
1.969526199656093,0.23218530543075952,0.20523197199429785
9.882717753809587,0.23623506507938108,0.21394608727033593
0.7406740637583076,0.2427292839936119,0.20733138158193065
3.791253307812378,0.24603400348656615,0.2095890650360833
1.45093058163758,0.22951103498624467,0.20412810850445468
1.2770678955814736,0.2586656341838629,0.2824876440149894
1.772040851744193,0.2517125678575531,0.2315545361981413
9.367853583877212,0.25307844436927024,0.26714818413988756
0.9805247172603403,0.2801651294915701,0.28518358888111595
4.20356772632166,0.25260978378708554,0.22880941605544644
3.6906348175251886,0.21486354208109074,0.20395811776396064
1.6327239183742905,0.27266573795016535,0.26011684738725066
0.22279454657381445,0.2482039770674766,0.247399755070009
4.400002758627017,0.27531105256929295,0.24241907784057512
0.9907172438256474,0.2645808145027165,0.28177441679699844
2.509076459132599,0.26136099769139554,0.2416776647072795
4.730019035285757,0.24695134809486474,0.20421184729930408
1.4904355867447356,0.28086749935642846,0.25923640229510114
1.5726025833459678,0.244492834135913,0.222620432631845
3.8905763973500744,0.28924466921633346,0.2469539730722105
0.9081377160925564,0.2870534370140216,0.2879577638472082
4.012280037990735,0.2678051016069935,0.23618528822441545
4.040020531885594,0.2241340992754943,0.22800689123415094
4.442680692262835,0.28841257912617313,0.28114645565925045
1.4878026101464834,0.23222950784146967,0.2467048363868594
3.8940067668655582,0.2814407080175171,0.27063965248188615
4.070169827361732,0.2344807733418286,0.22223423391342403
1.0878623552163789,0.25318727524558376,0.23737242422542773
5.499832931122201,0.2936059589648092,0.2677744681477706
0.9461793294061717,0.2633916147248224,0.24428261011481628
1.5994102185358154,0.25308195658997884,0.23424834955126553
1.6149549943915646,0.26540427119099397,0.21636949554614263
4.424319342796669,0.28081743297606515,0.23682133947441417
2.2028677436711064,0.23966747368772431,0.24829902681855046
6.457982554302844,0.24987616877567986,0.2028387963994461
1.0936489332092196,0.23959899142139654,0.22271025062414346
2.9956530632925373,0.27393730347121875,0.2474508814215502
1.6805206638040913,0.2365982500612162,0.23435800808179894
2.8058598985393224,0.25131245652954104,0.22842889088368531
3.964605605397829,0.2678807855124589,0.2970532904189129
4.3659716587805635,0.25699083833726194,0.23581738297726684
0.7327970931463401,0.27788681310412744,0.2414188599473974
4.161431616878952,0.2821517502930803,0.2723240305289638
1.4166314194562084,0.25692236905051186,0.24320778062167517
1.192413091257401,0.25398646027230865,0.23441478774188085
2.6815268672161383,0.2554974456408101,0.2674216665124361
1.5265535305221627,0.26043009171479864,0.2704036534851215
3.353780315522244,0.2533647085365453,0.2600345053415375
0.3541547991975586,0.24366208279049067,0.2562804558416862
1.6622581528992015,0.22647586115671553,0.20773022374841263
1.040939552208713,0.22373366628321248,0.2102720247325949
4.94440137294838,0.26012441300240463,0.2357946082872766
3.713354362490758,0.24549923801576728,0.24038499955076317
2.1100476455503934,0.2578327103762824,0.2612048932824534
0.6990649599864636,0.25390166481247023,0.2632419958526474
2.936814638275416,0.2907896555686841,0.2591994760608607
3.1134758531951228,0.2466840623970291,0.22297636425811668
2.0191454537805895,0.274279059118021,0.27630766940830664
4.125452914370345,0.2800009955927232,0.24628805079814906
0.9809449268150888,0.2658112419863268,0.23173574895607815
3.0677008995993496,0.2822103217192031,0.26644549066874534
6.570213482515275,0.27658552015300725,0.2620264727600963
6.34752725500368,0.263703948870109,0.2361885383971538
0.5583188363519961,0.2547888872925352,0.25109755551577073
1.3729596809093443,0.24951803747397747,0.2018180230474593
5.301706055214695,0.22856571850201732,0.2171055689195247
2.221668616119219,0.25798924117216354,0.24202370551591731
2.799817672786874,0.30336234784344107,0.26039747559864607
2.019406151631759,0.25393324860661837,0.22998164905896554
4.915787457310044,0.2524170514977483,0.22076730691561727
1.385840509036102,0.2522278984724535,0.25939369550882835
2.191703484491011,0.23771095872661366,0.25250231781388693
2.7372593192763555,0.24573803785749634,0.2147812093681161
2.6551524539572595,0.27060070637121897,0.29734408264926954
2.533017539660083,0.27574421285545003,0.2623853656108387
4.711134272950032,0.25282047467429297,0.2441373653508484
2.9376235177273067,0.2665014365922379,0.2720034477995676
2.1135231242873265,0.240840654565022,0.2321225170929171
3.2538952480159065,0.2635490713402576,0.2734940336374292
1.5568408752054828,0.2799285261550332,0.2765708559696967
0.9114491577315423,0.2501790447804406,0.2305618002482679
3.3932977860485676,0.2829612206545068,0.2482072001596052
2.4817888429032458,0.2367020215967711,0.26836991929468573
2.033253113919824,0.239957996585524,0.20970561895587583
7.651976308941916,0.2197727719697955,0.1565394711539313
6.461519810383287,0.2578098491504332,0.24958458624808086
2.6800443759244534,0.2752426091424644,0.2627690501168898
1.6781291801497054,0.2658390269494687,0.2445863236069852
2.6703564716490664,0.2727661071371482,0.2677341358543276
2.675322390657603,0.26751400058162855,0.2802647524787656
2.0454977694355723,0.24607482983625006,0.21185940645843226
4.02081264252816,0.23519829766744543,0.24206259483029918
0.6796985541717271,0.2745121511905464,0.2931754084175457
2.2809876204082213,0.2523201289047731,0.20029405586292112
2.1509972641203587,0.22548018495442182,0.20258658737591848
3.9182057290622825,0.2407906910912385,0.2458993808478284
3.430035495445742,0.24878216642276477,0.22394499681247765
4.344893922232232,0.2568353342476918,0.20818409594201018
2.850804989431713,0.23067450899385644,0.2340541219626236
2.112263947803061,0.25460112089093445,0.2376815619808321
2.344229204149175,0.26333640441551637,0.25000449308558476
2.1105050899447315,0.259236101889997,0.2992244502327127
0.806997232120135,0.2760987341022702,0.24445849302484637
1.6364449623235389,0.2770776921066983,0.2646931377760851
6.484874140764128,0.24571701164759055,0.2101182744925541
3.673296984851796,0.2511275192593759,0.20210996124198577
6.213501679064151,0.24076709825572148,0.20104128088050416
0.671163839297575,0.2310291365207322,0.25385759027304555
3.505050028249996,0.2651313619938122,0.2587097780521225
0.23646101716761375,0.25322496954134843,0.2306741184503003
2.889706101315335,0.222166633843477,0.2059988200497009
1.5360757734771133,0.23970030958939403,0.25376183288600823
1.7900967582901153,0.2249539384234129,0.24587137689453134
2.728864501788704,0.22548565127820963,0.19736178979739014
2.3582191278128133,0.23197751200706448,0.23942088462003464
3.0097811369543237,0.26203893668463774,0.23925330716507964
6.764488457117596,0.2476102290283037,0.22678340479137998
0.8880003155629526,0.2532483153293719,0.2627034845180537
1.3438408127175474,0.2154286544762739,0.19511041856328684
4.0256534418079895,0.2612506447351061,0.24514269491617374
5.7628393336056725,0.26057069666753474,0.23926914707517857
1.3707074037392766,0.2704105154377105,0.25081569197512227
4.506103943133274,0.24014672399829082,0.20066063567217185
1.1942783741633,0.22020789743812247,0.19758494658563716
1.223291230065425,0.26577682252716944,0.21476760321106836
0.8501838529046641,0.27258245317338553,0.2657483455666836
2.216391372622818,0.2514633439378828,0.2560566008902145
4.107094450372483,0.22540501751204203,0.18884233940259676
4.465305710209074,0.2485117104525216,0.2410128272838134
1.154561990228859,0.26150741411232753,0.24060386402297823
3.466407824379515,0.2677344427107302,0.2534609427027774
3.7120653251760456,0.2738209671784851,0.2530222632287674
1.6136170453117888,0.26763395524881106,0.2619875590308229
3.57117674855269,0.2797405377437592,0.28256239614939815
3.077917522483432,0.25660765956027937,0.24470234475287153
0.6473256132346811,0.253065936927482,0.2565109732017173
9.668722708317109,0.24597009276847967,0.23596108833447466
0.7424371406576673,0.25361567095911886,0.24478830824823647
2.3888342741640987,0.2683099596938561,0.22881028510879653
0.6167735753537209,0.2720927471391787,0.25074732619609347
1.5184306394415081,0.2669206754001384,0.23620255244908395
1.6146789008565192,0.270648657511442,0.26221511888191945
1.3135611557266762,0.2591853985129852,0.23059223231140238
1.2966396918966112,0.2497242809788287,0.2419714014909658
5.067061330937631,0.23397991830293569,0.22930437715281854
9.14983188734796,0.272896682706878,0.2751342830031203
0.6503054328552227,0.27147919325137226,0.2591636443853939
4.132509791272298,0.27520306918035753,0.29571112447538206
1.3094853802041002,0.2859500509901618,0.29020027382381297
0.714330335335741,0.24597687093072423,0.21748483518765147
2.265795234063453,0.27645943062422473,0.26469261131173943
1.5765495038534019,0.282354202447589,0.29926595576427384
3.7678137852100106,0.25351745078802673,0.1996277045030291
1.9066350275831663,0.23582975153779984,0.23560717940725528
2.9956391348851095,0.2578023891878308,0.20951603755187104
1.8656158737992494,0.26259251263837946,0.253682275827724
2.484802029927289,0.26101350333039414,0.22361766901705887
5.941440055654836,0.2577780522587016,0.25078919436674174
1.5444855436390523,0.2711860999683033,0.2335164785962736
1.7752576072816832,0.29112085340865385,0.278682310695848
1.8372298278582668,0.2685768289694149,0.27490051928584025
2.660386561146277,0.2789891478710455,0.2578971356266983
2.715406872629118,0.2685382144625977,0.24134098521793623
1.954550649334397,0.23468116592550883,0.2294574922777182
4.495140664587139,0.27066152575925956,0.2543701665665734
2.3019058887148582,0.2379275188412883,0.24921719028864994
2.266270088705191,0.23137388560781735,0.2410065446044594
1.7619467557209305,0.23478758563740568,0.25949578895243675
2.3349126908861133,0.26119853218551864,0.235156166255316
2.440800834377336,0.23728067813490225,0.24160764488834316
1.3398306943567295,0.22780617599980074,0.2415054833276049
1.304621996909442,0.261442834999073,0.2696419872312614
0.9988689187727162,0.2613357771914206,0.2506164593885051
0.9206338768070272,0.25580856342761193,0.23648302171522714
2.721534732582215,0.24908356790505523,0.24484557961437653
9.41762842281353,0.26399689443996704,0.274579724626437
1.0577444099106645,0.25382222060494175,0.24051869407691556
2.7167149645241935,0.24680129096260614,0.2780514455027303
3.342581304370607,0.25500519538842475,0.25969990677722643
2.5883031580055467,0.25924187024209044,0.22142966233373157
2.1357641536243515,0.2422371005174499,0.24814835547448721
2.8179348465168625,0.24203292297358808,0.22077250702512247
2.764451264418454,0.250728251669812,0.2755074353449277
1.689235778814987,0.2409909333778563,0.23812127616087647
2.100279458279388,0.24052761245375653,0.2096670745738
4.353374306776945,0.21759474177596846,0.2124920790446199
3.8364076316082016,0.24729682436113243,0.24099968199576075
0.5706635460814802,0.25200549361300795,0.23570863229906575
1.4743406678743265,0.24501786774871498,0.23996531126976042
1.9790766874714463,0.2701143840422142,0.24721524239484813
0.7542950938793385,0.2330149447179163,0.18978903379359843
4.106363214689633,0.2540575806245897,0.22824170968089505
1.5017710758388838,0.24305256493598823,0.2639515854616799
0.9072051302561001,0.30253848694534297,0.2926345294552331
5.796999289297971,0.24082910078521086,0.20549786481914809
3.505618920721892,0.25207995230450614,0.2559512982917652
2.3892706694698918,0.26113903755787077,0.23504472943528987
0.4807739563208509,0.2852619042533095,0.26843908729469057
0.3280606249157573,0.2615921557442432,0.2802370783692438
2.7712479848483524,0.26404326656653787,0.24884776812066756
1.6869102454484664,0.27278004028506786,0.26748177381959065
0.5593985954219253,0.2573246512489284,0.25036361295865317
1.1691183386222803,0.27450334400795107,0.28302558723372906
1.956945829880571,0.26479033775327443,0.23628643084818474
1.5839663659427796,0.24935776001086296,0.19622659931141095
1.5683622078939001,0.2555915802075159,0.2864365198255255
1.0522965967477866,0.25769727635616446,0.27141299119901885
2.4899740450178816,0.24523144811499878,0.22197664987859278
0.5795165227356206,0.23182662528839884,0.27080708405430043
3.8570351339083864,0.25516170550185757,0.25572257715687485
3.1677250246853155,0.25734379540707564,0.2341064879286996
5.148020372858705,0.2231956493662142,0.23073127916113295
2.5637111797361194,0.24383847777172757,0.21077828086843736
1.544194750930419,0.2275526224698515,0.30573622263363365
7.361177889537209,0.2490639643005477,0.22318495641542688
2.4184613500466003,0.2609852917155999,0.2151889954012065
3.5754058212465223,0.29313587740117475,0.24522450010150815
4.259490257115209,0.2284697146733171,0.23792284743787775
3.374787668245804,0.2737772392725744,0.23951243427756538
0.9167341616964118,0.2218243754281816,0.289390552969459
2.395987171954242,0.2511017794348434,0.24091728416589384
1.7285423181498885,0.2470111105937026,0.2478593750148925
1.4380423932359356,0.2739876957046713,0.2618691104110059
5.013915401981965,0.24261249050664072,0.23338171653686618
2.6176487796229626,0.27396915126287785,0.28533950293891774
1.6382543879132414,0.24742590176727047,0.2386627099546939
3.0354779206089013,0.26463010530146625,0.25890130168445663
1.0827272659439902,0.27978496876011794,0.24614452094635147
2.311670711985967,0.26514477327506025,0.2203896323793142
0.8864337365784911,0.24939225996391826,0.2816076987427399
0.3228961996534982,0.24936230944490156,0.2550376204215666
4.072687325546733,0.28326221810956037,0.25776279917737105
2.7274916715378352,0.2457597088540406,0.2373926290262927
1.7760534654453022,0.266969882799413,0.24753841645250735
9.259104896525137,0.2728910158657117,0.2760350047125398
5.352156995963239,0.24366517208423835,0.20828291173079957
1.738347272752768,0.23090184408554773,0.19911000569700257
7.472354984843584,0.28601121599756507,0.2646987899639339
0.16499680964489521,0.24559192310424086,0.19439766021956473
2.8351648542170675,0.2686506177999982,0.26075093963528323
1.7084837158197657,0.23139906746782624,0.25418335956660565
0.782407041215836,0.2814437188702287,0.2531067867040022
1.3125563253959844,0.2666154962943264,0.2636662085532952
3.824262836240365,0.2593142063622467,0.26681477481562954
4.572158544515699,0.26990877118302437,0.2508790615369897
0.9832504319153598,0.25485852957125926,0.282013905476734
2.502049374339835,0.2690488799281183,0.23964876622453285
2.015791259538141,0.27087252233952325,0.24799591794085504
1.9448731086137694,0.2685876174930076,0.27094761560883973
1.969283223355462,0.23863425855959564,0.23220543467682261
1.1931070406339483,0.2663922502470758,0.2729288209034054
5.818406917333898,0.2883949626471306,0.280708991850917
1.5175099898752835,0.28070454476668794,0.24648262877967506
4.517611450480082,0.26695978528477277,0.24438516993624845
0.5263795612832326,0.2693207865745659,0.2653810173662926
3.1541600781125276,0.23054662507359477,0.24498933002991283
0.3983964307572464,0.26074237142746026,0.27468310137644947
1.1872675998628308,0.26210100808756154,0.2897921348710413
3.1078572654630903,0.2451821370589046,0.27705235702621384
1.8102246613047008,0.24083202976792922,0.26958948795703347
4.649701788092219,0.23562557455105335,0.23359311732179266
3.9683911503573386,0.22692228894934596,0.28024428831971243
2.0193228536994963,0.26341791007242055,0.2612271949355185
2.5469316169445646,0.23474857390045203,0.21190460544754197
1.0365500620662875,0.27219425584804835,0.2272876458129768
0.9791940115854191,0.26325624642137674,0.2618505486888307
7.642249825703523,0.2641129082914159,0.25763853597565445
5.690002829036807,0.3062854319362298,0.2843894919590003
4.234980640848303,0.2549479680151576,0.24394548735666982
0.9892292949251769,0.2263722416021187,0.273932971681977
0.8843329472907262,0.26394926215846576,0.25144915641852084
1.0970078500557414,0.2686352343879129,0.24936954678129444
3.5438070383012716,0.24058120343266307,0.23100678466772742
2.979803695459606,0.2689904536428698,0.2402989435346115
4.231743098372603,0.2820517223794263,0.26331166032850317
1.3485740376910127,0.2805005283087993,0.27959017020810856
2.338816385270622,0.26569114056664217,0.25041193550301416
2.9319726846563396,0.23376081089763642,0.23525879883158227
0.3975637917163033,0.27031197349876174,0.24207092240411138
0.5305573893590146,0.23729513476577316,0.2776545992101283
5.494881108319709,0.23464237414233446,0.20041490740002812
5.855782763216595,0.27828128185136625,0.27240716321935293
2.8378938006536125,0.2659158299639027,0.23925239146766805
0.9948763432293571,0.2351630519276487,0.2263028744658988
1.0031298445054,0.2677133423792759,0.25259434710710155
2.588916554160174,0.2696277213004692,0.25096799287409616
3.5335992220278722,0.2518925145383261,0.22712452362847052
2.3572672073386,0.2402301491840498,0.24423361044897438
3.385599053859151,0.25488830722129435,0.24020864209903212
5.236596006066052,0.28270707051771,0.26025752834255783
3.3751234850614127,0.2850128983708661,0.28587174204738675
3.3021115339573273,0.26285982247496564,0.2611392592884376
1.051839582458076,0.24061545247469668,0.2049728679067109
1.8841547330919388,0.21355481703546086,0.21095458891743807
5.028424188094524,0.24372269074915542,0.22326187100357975
3.4810676383608823,0.25133405843093176,0.21885713971757842
5.2404003983906735,0.2710291745377998,0.2626095591491016
2.714620534629153,0.25576156050740273,0.24791182947835833
1.0616484643449895,0.2478851925750514,0.2754544990731494
2.3881169469874672,0.258760388774183,0.24676838205217844
1.0093043290843042,0.26243666334210697,0.2576165549732632
2.4285968395248014,0.27281912617682214,0.2776761892458879
2.111222405499455,0.2467110355503777,0.2017121110502367
4.486456254956967,0.23553576712659038,0.26612343545454936
1.8959611461911918,0.24364012871867122,0.22704764097946434
2.8785942456995355,0.26907093575134317,0.22678279923618394
5.590210689312209,0.23998893634337326,0.19578432803290846
10.392716798968872,0.2386118436735783,0.19152076925881648
0.5987095269510131,0.24637556923063025,0.2654613509005852
1.1010364124135537,0.24344187720307883,0.2189055184177174
5.223570275872873,0.20948223431837154,0.22075404766601392
2.6781421742507447,0.2608079061870839,0.20241409385533374
2.0026985575952216,0.2408826219963748,0.23492359144335903
1.210481384910394,0.24583508080421462,0.2167582996952705
1.7302156452984094,0.24705379256506277,0.2226464700211733
2.307488051648157,0.23835839490453473,0.27303287250050784
0.5076475426354761,0.2635820316795081,0.2563528398129287
0.9390851831838984,0.23411962878315817,0.19919575788959556
4.375668522644231,0.2566732070669664,0.2109831206792566
1.572062327233088,0.255812880410809,0.24794618753531744
1.6657637268507113,0.263342149306108,0.22912219701026704
3.7407123826452406,0.292592765763712,0.281462960507877
1.6938446362581405,0.24120551077071828,0.22675068309399074
0.9817279477299038,0.3029250593070178,0.3029562887574745
4.055059692634277,0.2626381783138192,0.2889371981186843
2.508089783315452,0.24277319838775033,0.21744976648737407
7.720862890155759,0.2966768440927683,0.26975828900802323
1.7099181117237845,0.2720820661229126,0.2646297233346478
1.2733054263091659,0.29248713106092405,0.30593638400245055
2.0201095700866043,0.23605859057868234,0.2073837708673894
4.297966296231744,0.2741314217788423,0.2574615144432101
0.08787426742002542,0.23282569585751925,0.2569766728664977
2.8377868107932005,0.2547022694915614,0.252067954773635
7.684916704773004,0.26840725086491984,0.2581771748549267
1.2288725805135812,0.23866090211809196,0.2509268193279641
3.873236599303422,0.2512201995035853,0.26722664844837524
3.4593246293255673,0.26163848159837116,0.2357380424372326
4.200667987390806,0.2667636968953443,0.2529772242283829
3.5937097359277552,0.23781269240690747,0.2634651160628052
2.3357640753613174,0.26090497784703715,0.2522515883409526
5.840656516942026,0.22632260266431703,0.1974233862528226
4.505827152202788,0.2527008772049894,0.2167991835925917
3.1614477775641783,0.2654533348681996,0.21644648459979374
3.745603533845967,0.23823558155715827,0.24105182550798007
2.5201624865948884,0.23968061022179274,0.2245707414641264
4.382349476452613,0.24944992991151732,0.2257355053818524
1.644513429848731,0.22771679516763674,0.2400090762850751
1.2991485040775683,0.26366023392320537,0.25235554078144984
3.598586551759069,0.25661527490807173,0.2295318843786085
3.016233246455665,0.2692957452135473,0.2381174614937643
1.8766763339502142,0.2625969786370335,0.21350536504220718
0.5220092277100373,0.23451840958820114,0.2568795540236201
5.688109232344632,0.2445052218200508,0.2367051245248954
2.153831012539484,0.24247747245695983,0.2259209590293615
4.543984079013876,0.2662634187346831,0.2583402622497528
2.0384408593272236,0.2674580829803362,0.23604858982834026
3.881181539845661,0.2546315947175188,0.2538087517235368
3.866900411981656,0.2606119603052678,0.22688114901860673
5.3002087426569355,0.27480795677166225,0.27534559642089296
0.5645322788958853,0.23660139664254637,0.2771613060890532
1.0349163187430055,0.2250948533208439,0.23496051077022626
1.7313086150622958,0.22554659215829526,0.19975809487222373
1.082621405400397,0.25551585740683364,0.2430688998862323
1.7047095291226675,0.2548021662121064,0.2471374623947085
3.770284198045999,0.261490727333022,0.21208778411991236
2.630550450940736,0.22003158260056013,0.26560397441954464
2.2399917361984456,0.27419278742760106,0.28328465480342335
3.4155857837523746,0.26301296305624877,0.23643750319000892
4.573584737293394,0.23746637189537917,0.26341243493733646
4.0113345013913415,0.24489282115989972,0.23020064988462782
2.160179837692035,0.2453035281955475,0.22130477662222792
1.2806470378222898,0.26238408214417597,0.24365342014642014
1.1836696233586677,0.2488095883988307,0.24312032516560292
1.5275599442084609,0.23951393381333747,0.24119177151331744
7.460811290847526,0.266693961305973,0.2517874197347353
2.054242652113482,0.23631100220267853,0.19911021226466885
1.7950790930090743,0.24655216242946795,0.21784900140231556
0.5058855197978616,0.2431664792318597,0.22183283825635844
2.008462021385528,0.2956174609218815,0.2648110788539886
1.830875540731701,0.2590399147550436,0.23321574456712685
3.6276696275118376,0.20975700220863927,0.20770981191667254
1.2448594783147164,0.26599426460378245,0.2558929549958834
3.5726122247247303,0.22996342532813793,0.232940911197458
2.3206951655998003,0.25488649326734464,0.22611829661652488
2.4092850267479298,0.23534693224179734,0.23418176405605592
1.1324369016491622,0.27387747335717183,0.2879872805219208
2.4140842892087275,0.22781499232675018,0.23443632906718517
3.2639613389378423,0.274315965266345,0.2548913959984189
0.6614035457688843,0.2592981665054134,0.27020385562747773
1.3397586191613913,0.26937267604738657,0.24993514539238262
1.7424190127779415,0.267283326014849,0.22722087349341077
2.5494545800971378,0.27897507277672373,0.2682646321291228
1.9357433930448116,0.2647422295325457,0.27682066969991337
6.0262272564498955,0.26262051314118023,0.25124202214236785
1.6940806595753182,0.2826558717939097,0.25251263661989176
2.037220649370022,0.2718560287599298,0.2587627973230597
1.7087543947090407,0.2731011049963354,0.2778936519396488
1.8192405523852166,0.257155425936626,0.20631355122060882
3.50076775446797,0.2404337264530022,0.2707548781245406
1.3098645464413083,0.2307921963429397,0.24530479816472006
3.1709636290164616,0.2506724591312446,0.21422970811355133
3.142598384688944,0.23423009864991406,0.28452738507978764
2.1629084989106566,0.25080587291617756,0.2480044853951772
1.1166739156861922,0.24155995255628032,0.21191545946654478
2.754712463806307,0.2656506456275183,0.2676247105241659
2.343333928503449,0.2387778567751584,0.24759365811227751
1.393066993821487,0.25312331157490575,0.22335035994680472
3.2976096537533572,0.2641390445633622,0.20815871118594373
2.570674938904773,0.25202331170664666,0.2473478206942058
5.008330233910773,0.270211716402401,0.23559013730937492
2.1804958531259397,0.2561284936725448,0.25720711493128584
1.2318284270063713,0.20864329189333258,0.20452951482744414
3.838423987880902,0.2618288292344057,0.22312814500264766
1.4738079506374795,0.2524969369657587,0.2749243906516166
3.3782062444284326,0.2615714833732482,0.2608295596748053
2.6020641389162606,0.24901816624782114,0.21227904013058133
4.174025227158953,0.2718892428737827,0.2646568245330119
2.0187796029332987,0.24576837986703068,0.20745876062523508
1.1682010251466535,0.27676959953782354,0.25549348634465435
3.8369135169657347,0.2706608794893441,0.2731121595205195
2.1400101713470967,0.2878926741348637,0.25573738671065377
1.9401480133674094,0.22788468757236816,0.24346876935054543
1.3634383838531892,0.2581928953013012,0.2753969309965137
2.1200648685539347,0.23297970960392875,0.26237078813271836
5.742145183737354,0.24097891658054385,0.25099760002352184
1.876029031559734,0.2378004228338804,0.2592686577642942
1.3678090717373574,0.24319313436885992,0.23190452174430334
0.7749704831197681,0.24360886895890208,0.21590510461135917
8.055008933951358,0.2766388210860743,0.26227923753348253
2.3584517758286476,0.23905220458626808,0.21344620949102286
2.5403634449866463,0.2337355299029913,0.23161733759374145
2.090131125940739,0.2820350488552375,0.2675301025538974
3.0892685451536535,0.23106776124431844,0.23970869179985324
2.4458242628105547,0.2754089499294388,0.2524503102474006
0.78585271599862,0.26629243498651345,0.2810788343330694
4.941169829630729,0.2497063396342055,0.2376983638151044
5.343669644181256,0.23521057832823547,0.2323313825718641
5.773288093087683,0.2240991806126296,0.2514828546940852
3.69902963718996,0.25446410661975,0.25355372378046553
8.146031002203552,0.27068650924793125,0.2523867490894475
5.721183559829485,0.27476567953884556,0.27752833123914367
1.4265922228520738,0.2523702943397217,0.24664411095230487
1.5126076945069147,0.27352634253011565,0.2539787872831291
5.808408303096115,0.2695940451156774,0.23045269709651375
1.2248692798494012,0.25203782523986684,0.2726973225838972
6.369758559702266,0.2721444162485265,0.261995701947886
1.898045452195147,0.24918909561954888,0.25012037851628693
0.5351253794101005,0.2827744516184652,0.2608299853773784
0.45296565120500415,0.23329721114170074,0.20197847596692783
0.779957268661994,0.2387147482125176,0.22337120540092564
1.96070484659597,0.25773189001839514,0.2222591244380254
15.682105868014117,0.24631204731374656,0.22437318211682444
1.43837502807526,0.2618341308663471,0.20151690076192355
1.266749754795388,0.24082711174903965,0.2274392006904501
0.6045501597750638,0.2686949659869462,0.2239705721556164
1.1213881175278997,0.2697303956232851,0.25139475733015965
1.592397329392689,0.267227753143651,0.23848371777180205
2.382262872997908,0.245598566350521,0.18347598133249365
2.249402969727385,0.24748745311473502,0.24670271482375006
1.6437674823394754,0.23253609394717897,0.1651218353999827
1.0290434069189431,0.27159365155026244,0.24629046717922623
1.3983439475817288,0.2659441793451809,0.25882464002430106
3.203220417971428,0.2682600528024735,0.25073620167225485
1.5713231018117306,0.2805614913394368,0.25728350505669956
3.0030639491529385,0.2524008118091134,0.2157069659288072
1.86337612335304,0.2743555253584768,0.2569845263223113
2.0131937234326727,0.23907888500104546,0.2612077917782818
3.406356872594392,0.2623017127481366,0.26843104546635455
3.2167696517096362,0.27465715082440884,0.291552534768567
0.4586010355063417,0.2777216131226985,0.23465540553459435
5.308814690217289,0.2763830696033232,0.24487805614502903
2.299883851628469,0.23224581591331328,0.24739845992776938
0.5049956094199402,0.2596787851957966,0.23122022919979288
1.1655852134464264,0.25435832392782715,0.22278277108163475
1.9272309254825142,0.24962676372941633,0.2646266147891108
6.657770064599805,0.28517733536194206,0.29120857627704116
0.37506800942714946,0.24859857163302612,0.23149823734087915
1.5600121757686845,0.24613388712936998,0.2276237345413683
0.5687374291077256,0.2687518854499406,0.2655319829767783
9.068744068252752,0.24631808876619674,0.25319239374563207
1.384113314132391,0.23748243541363984,0.2258280913063265
1.5029804817384815,0.2416252036353259,0.2444005065136928
2.2188677706889903,0.23938397351254062,0.2171871469353695
3.2405204337928297,0.2415063138522182,0.22416165214145597
1.2894745407386172,0.2243836625394443,0.23605678378990622
8.329158055694553,0.25763631612220955,0.22190432018880293
2.516167628827456,0.2554478298334612,0.219361588958616
2.779321984394094,0.24818289189183587,0.23616075633817504
1.483858051296577,0.2709629761674674,0.3022677875470372
19.399819021065085,0.2732867847743162,0.259490757997181
3.3610523789630724,0.23382788328506127,0.26792935310410393
1.2394198264502638,0.2159284578053317,0.21095072132630516
5.006588203067651,0.2764033112358059,0.2883849202594567
3.6079185287642073,0.2887609925209142,0.2689142868265762
4.125274067044588,0.25002264797149976,0.23485022062347766
1.2415307705012983,0.28617638881329704,0.2654883105570412
3.603518907749764,0.26278988177299184,0.2561387720371809
2.763829306734258,0.2108959318948284,0.24643092629927904
5.450534232650339,0.27062957924735326,0.25057156897501304
2.5780672444311428,0.28361957588458575,0.2667076119784285
3.058621717580117,0.21783514449804306,0.2086943698510626
0.8795345095400479,0.27785233763023126,0.26292901565678284
2.58019083616515,0.2696558836204063,0.24740430776714425
3.349749576981325,0.24230630961688723,0.29040893008547386
5.137476371108398,0.24714373290777744,0.2733128490248538
1.1937206469119799,0.24316066786785384,0.23317234693720856
3.9523748710313615,0.25356943823576833,0.24889405023200933
2.6628296158280604,0.2647802065133567,0.24185896143841057
5.077750318628629,0.250635225663257,0.25994247362999623
2.0709739705650767,0.2665081729848343,0.26761394994401283
3.6256186682268363,0.24158477281077342,0.22032323894521727
1.6878747881430776,0.2104904128619824,0.21782557572651068
5.336945954845589,0.2779471294446876,0.2289900858818967
2.351301307512307,0.2650252249450423,0.23245640887589808
6.550574004077573,0.25648730953767757,0.20529615189195596
6.630868776684945,0.2339696103707212,0.24138733929132522
5.438061473444137,0.24475720997003664,0.2450641577479185
1.8093077015235537,0.28108675103712283,0.23486792822453445
4.703165800841417,0.23741097378866827,0.24271717478900454
1.0119247722469198,0.2512628228033539,0.2788462025363134
0.8190505199776167,0.2594450683832633,0.2330407274125393
1.2184238652222983,0.26704184384022706,0.26379319998220513
1.7921726132934022,0.25668172478341766,0.21905085963298537
6.092660249393632,0.2764758646953955,0.24383543080415127
4.11891242186904,0.2737073171456918,0.2327708537859951
3.050916448003634,0.3027769344921576,0.25541745889531514
2.115523652500136,0.26935067710942995,0.26061480306191837
1.9097906884031348,0.25373987981484597,0.23795679052135582
0.9672650977041958,0.2545101403030457,0.24123572052636102
1.009035283908561,0.25435364940827754,0.26179046336364087
3.512225964321588,0.24927092473057083,0.23219948623904935
1.7685972233854108,0.27511603203077356,0.2697672268836656
0.26654002835607377,0.23728372771649342,0.20361384226882379
1.1624363550327637,0.2277503483543707,0.2434752296409584
3.938114705903631,0.23886463339734548,0.22997936586320067
1.7474085381644173,0.28670698666889477,0.2775971428838988
1.5308731187985976,0.262031599714799,0.250995294978106
3.552293865816407,0.25332326793694465,0.19980723638134137
1.0932391884711194,0.27994450621190664,0.2315072098720623
1.765632164778069,0.24660349114354763,0.21052704632459796
1.7088231257871696,0.2559779536921378,0.2421208709823305
0.9669265436694583,0.25863164194597216,0.24483481261022463
7.46713104971261,0.2472832032033249,0.22486828129533587
2.0622176485527324,0.2597546756781165,0.2083995903280313
1.8403708677550694,0.25985846420739556,0.26459560634579904
1.1509457474703477,0.2534826677810386,0.29267629542166895
0.4030176912946267,0.2488033330738742,0.28196270846560156
1.0195599928282009,0.26133399718110706,0.25376115685498835
2.006260475096237,0.2852230460941823,0.2801831432848355
2.047875519543557,0.25975325520456993,0.21085060094523012
0.8089282935255381,0.2548181085421085,0.2619643255636824
1.7108430201714069,0.27962069953726226,0.26268049540784916
6.50322177830285,0.27239147197864955,0.25166301293255994
0.553952200462541,0.24986461613191,0.22736109463138449
1.6197266400641177,0.3088449569329231,0.29205753761033365
1.6885951942027129,0.24163164888193084,0.22420483969674648
1.6987400259365695,0.2651232067832125,0.26957935180247633
4.679876474656489,0.26001403061406014,0.24764525278420035
8.077686076197725,0.2526571051756024,0.20998131640318446
1.6448001973566473,0.2447281367351174,0.22196610311328982
3.758332429867773,0.2526086548190906,0.2224833861811579
1.8195176706320764,0.2625022608710512,0.25211906948858226
2.827633688294961,0.2547964242915202,0.23276878060572748
0.6535421791480843,0.26335303135470134,0.23499675179830504
1.4102839298212801,0.271002373188376,0.27583155336028503
0.902628053426064,0.3115401716008468,0.2796405051707902
2.5442811866566646,0.26607109232050236,0.2474378381366337
4.145989558193504,0.23932313132987562,0.19938204870373574
3.273771029568157,0.25298403557078664,0.24621701534052032
2.3559042289550503,0.2435213976642178,0.23689467272312742
4.230799544550801,0.27848471016286314,0.2659063845098727
2.7012456768571345,0.27358224047966084,0.25280264367678273
3.4180546609372,0.24351847862670084,0.2097936154927945
2.254085439764666,0.2852974866995763,0.2871715522913827
3.2386119149370054,0.25154008748483314,0.20467149026055065
3.3272778259662146,0.22802591780127815,0.2554488062075765
1.1226082010204963,0.23866622377507038,0.21398383998361692
1.9159687549293511,0.29438680033995934,0.2590980408670481
1.3139830149923248,0.2502556510126222,0.205230942852061
2.256520573892236,0.252264682294756,0.22246647695137206
4.932562099872843,0.2586629324927966,0.2781481804857259
0.8760765127809389,0.27304424456651755,0.2711232119957639
3.2963900755271416,0.2636646522540684,0.25202663275384063
1.1023968121203231,0.23670540208885235,0.2116556149455896
4.922614427235354,0.2394826335858637,0.2143604756424224
2.731546354189621,0.27081372047474706,0.23815678725442005
4.478572857407599,0.25379892735923915,0.2569446006473626
2.822260030951575,0.23841714581488552,0.21437686180674864
1.0804902987703717,0.236633196145861,0.23747273724466275
7.458997967254712,0.23740292482475633,0.22576586790498324
2.6390068570943637,0.25684948627795107,0.24833615022011712
1.5876752361928632,0.24216968400416683,0.20282946493792633
0.7772966482187251,0.264780320773157,0.23325382156050128
2.3491970498630486,0.23354001354711193,0.24027821781866546
3.1722350959421854,0.2520969486594387,0.23008955399189265
2.78739780927092,0.23168189035733294,0.2355226073860019
7.616493316181005,0.28779029816822715,0.2611200078201489
2.8758041344997336,0.2516008693306229,0.26750263036185873
2.7323545164196146,0.2656145805319794,0.23090972519632322
1.4388258199445054,0.2553892251833804,0.26047360657191837
3.170117439579794,0.25218815686896495,0.2240575676641531
4.292663230561273,0.25042264641096335,0.19569517630221114
3.4744450642932834,0.2640166153293899,0.2600825886127562
1.3744232621585561,0.2116508001420067,0.21385497112950902
6.49789533506656,0.24797103674366774,0.23376470377940475
2.607408257391596,0.2237466533469864,0.1962170622100661
2.7344877166674557,0.29204145697143047,0.2715448422822238
2.053806734695562,0.280082948836069,0.25337326595695303
1.675281955880351,0.23878027420855666,0.24269544225042924
3.633698553036979,0.26395171528538836,0.2331417705083996
5.170563481169043,0.22095595050078207,0.24417641113667327
9.530390838991789,0.27460657167834385,0.2592296304903933
3.068516374633582,0.24732251253194817,0.2314327126142373
3.7752481735530234,0.2531294252546282,0.2418550127200802
7.600974664978531,0.2715371875627494,0.26837254935444904
0.6159948527005413,0.25805339703054203,0.2196957416388723
0.6024875605398671,0.2683718803759171,0.2488490603957368
2.5609067591509143,0.26144297009868195,0.25855829287196613
0.7366103388429569,0.2577350453331718,0.2633924080611644
2.1342396824985164,0.22616825941822863,0.20132733743006567
1.1190491015748592,0.2531231091114199,0.24748650676043654
5.807277414899931,0.24256590050856347,0.25630280556983687
0.9870356724474535,0.248588360134822,0.2273608397489545
2.9796887977071562,0.27430490185135126,0.2669416707278337
3.3975928953562637,0.23881866818230046,0.2111274190623888
4.764973374735279,0.2577536217292894,0.21656461879222966
1.8521091240007133,0.2618090848579953,0.24873880893825293
1.6743743108700198,0.2530296049208811,0.23734160008713553
3.75155362807427,0.26113533162728214,0.25695210568657695
2.3269471281169847,0.23964760373549338,0.24776509275949268
12.25924200309977,0.2633297998486225,0.23135006531118765
4.072557277684085,0.2198718194867633,0.22365505400622998
1.2551288971335925,0.24375988507348434,0.2390695622419055
3.0014020329459776,0.2388516416480299,0.2112780809387443
2.638479931872303,0.2574166750984675,0.2221245008310395
3.3416927251482735,0.25753037132328604,0.21257249108219828
1.3915214485605143,0.2715498194380008,0.2592273947189162
0.6024455784098655,0.22101390023948259,0.2146631159176957
2.218947241916474,0.21803038282205764,0.17477946069373235
3.225698933017039,0.27393088898637025,0.26994165498852174
2.915060949615022,0.2617709967887576,0.26996929834859235
1.4715118373873244,0.3008140419296615,0.28097418236398614
1.2108987881842423,0.23619919749850826,0.20293146187527075
2.1655188318500884,0.2456109967073322,0.2110907767179418
2.707868818993948,0.23829173625886793,0.21847845843930463
1.5105496731891928,0.22883905439543448,0.22292264199159176
7.135921216525853,0.26956841468707454,0.2637092101993308
3.330557850161328,0.27706696507031964,0.2477961280656539
3.9703895038883763,0.2568413895453915,0.2514723300057141
2.560001348280197,0.2543398510819424,0.2537032221597888
1.9358347284255806,0.23923472643235089,0.20709731922012906
3.375067411567894,0.3006260319084151,0.2888564748056174
1.7091233040869578,0.24797750065406943,0.24979009158018686
3.815023466852776,0.2434824891997725,0.2542338887874795
1.6652076634123312,0.3133466326810807,0.26198237601084395
0.8213375756633681,0.2544796393082089,0.26263666979766026
4.4910883397428885,0.26880490391619377,0.2564932252050248
1.1828707988126563,0.2770655687552123,0.2693324231204815
1.303943416158972,0.2627715790031287,0.286205149229364
0.40602067291049904,0.2528661190991706,0.26525292043081755
1.8299117695899838,0.26984790271136544,0.2617930177900801
1.655413500721554,0.24275881318860687,0.22401359975037693
2.239023457322991,0.26767337521340906,0.2592823858794659
1.2541583958800373,0.26506238346230687,0.2321887982684536
2.2236918536976145,0.2523078382150304,0.23874223351188736
1.76900792130961,0.2514488960503894,0.2383464540452406
2.851104956882032,0.287204762957531,0.24337053745940754
1.8874872284948652,0.2617752220953484,0.2511156028229581
2.8812280763648697,0.22002021691742776,0.21467826369967774
2.83378147175951,0.2232656469677296,0.25603820780687553
2.562156609297715,0.28553637102436913,0.27825906967547404
2.8002782014413,0.2562607139663874,0.2657592192144788
2.1006077319914547,0.2651256613684465,0.23183075805936618
0.5933066776795939,0.2520269874105401,0.27628801892385196
1.389277145266355,0.2757364000520356,0.2715336175687691
1.844851238364983,0.26136433046222174,0.26348010336356614
2.652747719000257,0.2645651089604175,0.2471723077344163
0.9582168427599725,0.24928868283943081,0.23112965504281688
3.2141386834013144,0.2740845560479506,0.257493340933697
1.1981006396583682,0.25985562065911666,0.25713435065502044
4.4333344910957955,0.23720359388995904,0.24255132496623866
2.6804421380896075,0.25500715081402975,0.2563569165881241
1.568633299634592,0.24389527414460663,0.2527238069805536
2.392344777879947,0.2671530616396122,0.2226992287039891
1.8370150418988036,0.27009164164148486,0.27191793859539976
2.939308689334762,0.2715450523724934,0.24808681439302305
2.5549547294147468,0.26548220748926477,0.2095164490190472
1.0050699388555702,0.21890703488877922,0.1826580367689334
2.875437908626252,0.25524110476330575,0.2566815172302356
7.279489745373921,0.24605337855141476,0.20162050854578342
2.8679477257791777,0.24498201118155247,0.21824108442096374
0.1713388326292157,0.26997267613777887,0.26337133212960495
0.7503089586744689,0.27043673459672374,0.26953910745943604
1.1593215612806678,0.24024954781436705,0.2635880268526249
0.7469968840807746,0.2652259431031537,0.26651843779273704
3.642295487833327,0.2650114697893269,0.25224772823461045
1.526439893025732,0.29184997540386914,0.2513721376621571
4.247468119314058,0.2504262492049457,0.18945382554798954
0.9109791854079974,0.2280685225789494,0.19219667916596125
1.3603911998296514,0.286298804766975,0.2793778085222221
0.4895111037065586,0.2271171077109508,0.2188080956683158
3.3825434266706567,0.19958427909579385,0.22637045617000942
6.058576875983469,0.24784472645173392,0.30417683450356997
2.345362058977553,0.25867988127489044,0.28860824283802133
9.109073152921138,0.2317518238269473,0.24398862372971775
7.168899843897163,0.2757629999288791,0.2614734078825807
4.8511832557055286,0.23415015117898422,0.20402289648670027
3.7073501057321345,0.24046407444919976,0.2318341781524644
3.6517452269102915,0.26134033433301285,0.2315894882814766
1.7637819503863796,0.2690336744166784,0.2446565380719289
0.5611391596671688,0.2627008519558919,0.20251666252819833
4.26836312025299,0.262856730809045,0.228434873239612
2.872417692508211,0.25369065601285734,0.2461353774402319
3.9845409999252013,0.26844624428119335,0.2537616502803439
2.598673037674248,0.24790037600460044,0.22572619230899868
4.41571914470427,0.23801313863518458,0.2334668147762748
1.4256074557022833,0.2380669731022051,0.21765795946547523
8.668600429835266,0.27418752951699443,0.2357212303707486
3.61649595664284,0.26458016827931163,0.24636081204922203
4.4914399514324534,0.24982524930641564,0.19584012794521719
2.7702016933219307,0.2529738333611192,0.2139996034134087
1.2184380248062492,0.2583527920110956,0.2348562747779582
3.544522966926136,0.2833393389309158,0.2616552478510814
2.0241047087338346,0.27692353321977814,0.24934433030884104
2.7557523285747814,0.2509591108557407,0.2234877145105287
4.099874981317375,0.23123253064250773,0.26185950744320935
1.9937467187792255,0.25873876478500457,0.24037251646905441
1.6713224553533474,0.25173136610715474,0.2758697118380543
2.8087049390432806,0.26391002037592803,0.2665565598613645
3.6654043668401877,0.23739867821321764,0.22837314878074894
0.7845474641384514,0.24115993924669318,0.21490463454216385
2.384901079156182,0.27098929099362534,0.23194460942553072
1.112629732642873,0.2648912560402926,0.25344721930983677
5.107409457285865,0.2598426563988984,0.25894264145107565
3.579553516790301,0.2572441150657507,0.257147130115113
2.7163592128518195,0.2260890892252,0.2479113868086916
1.8992300338051111,0.2418092280967251,0.21979980037081873
0.9603667221941659,0.26897792876228044,0.20915200311968798
4.588642487635163,0.24777254466390447,0.23361941009047532
5.124434257172504,0.2960857440338204,0.271329511465656
9.924328446291296,0.25023930613114936,0.19168921466867828
2.3931998999808437,0.23877092781918746,0.19458095671620254
0.5460372118862297,0.29738968168658364,0.2488277970375973
1.2299260861872323,0.253738768609667,0.2342299332084513
4.946143105813835,0.24020456314750785,0.1923224759689798
2.7278390302838074,0.26664685129730475,0.26871624577949643
1.5859104118689291,0.21837339239350248,0.22624357552428007
0.983036415745158,0.25581489752055514,0.2630367387566125
3.2189173282759755,0.23273115733907265,0.2287078155257753
1.9626586977313445,0.253298415761162,0.26275989722640825
1.2491642340947802,0.2642763553278902,0.2649727123071393
0.4728826720029237,0.2650329144208827,0.25467404846981967
14.639331042585168,0.2745617984288918,0.2393386893531222
1.0093723645260082,0.2933304111724145,0.25226295240828284
1.360679846781102,0.2509347618444312,0.24256611343129078
1.805004483126822,0.25084759169422954,0.22460410668366956
3.5964906014753653,0.277192474127597,0.2757882016007555
3.609696089808692,0.25542811850940716,0.24695884334435173
1.0077361292080949,0.26724072819339717,0.22195988386598467
3.55904190022606,0.23085485209303566,0.23529112283899242
6.645560203652792,0.24792611626001373,0.2452412102202842
4.716756033189927,0.2694702576914409,0.22896145903209222
0.8161045600770375,0.274371305708669,0.2769737618273016
2.742767836193251,0.25750875681756985,0.2177217976132823
3.28859405999312,0.24792912534671488,0.2177899778720162
2.3895486516687194,0.2425590708856825,0.21450729809903102
1.273324288789083,0.2514527508910245,0.23158640587152837
2.562812697886279,0.27595062903583434,0.26955116549899166
0.43604964108502925,0.2275941672067358,0.2355219279959353
3.833236139615188,0.2522094030312013,0.25770307508185997
3.4157681904209505,0.27411409778946033,0.2817243152959563
1.0046359677464742,0.26030224077313696,0.22167961170154296
1.8806439250629463,0.276700267781168,0.27652715214536505
3.417535808069465,0.248468921184234,0.22423784639755812
12.561477610796244,0.2639983479790413,0.2493152362842974
1.334478849077262,0.23147684473745384,0.24868638112928307
0.4699903715687946,0.25533759932853267,0.278877128009742
2.4688089413957544,0.26813884034365265,0.2859200699424543
3.196744642546193,0.23177975348453903,0.2341566377715523
0.5001488741493787,0.22100167584390187,0.19686168075162958
0.804230581661972,0.25519145848707686,0.24262362399060136
2.0670744234769116,0.22443416092969085,0.19844630066201002
2.7555890933024694,0.22155614483310862,0.22296311853098721
1.3743525661148743,0.2559630027479035,0.22948622348815018
10.722164373073118,0.25697454290730953,0.22550199094753184
1.6824720388759151,0.2741333423847276,0.22539111581918927
0.7175991718899745,0.27535687532085795,0.2635351227176894
3.1902915689907907,0.2689353010016594,0.24087176059151813
3.040901003613807,0.2665354987503921,0.24638846279742546
3.0241502742688633,0.24867818849735351,0.22387606536440324
4.035589654538148,0.24582200350351835,0.1756903014784406
3.059255716981399,0.23508253420037814,0.19262754938853383
2.197627014599929,0.2392754329711074,0.2007362883963869
2.2379082719350953,0.2418483364948621,0.24268642064122944
3.9763892308134516,0.2564267154088255,0.24027173081762337
3.363302100824236,0.26910965354490096,0.25842762858137835
4.59798266480293,0.2574424247461126,0.2495789588564809
1.0620454646247222,0.24058043056990905,0.24522607443406697
2.5355419346758428,0.29254078340081807,0.28016503600113357
1.360043467218469,0.22465783592776212,0.22406353757110806
2.2941122851714915,0.26566077625171325,0.2478527416472047
1.324163046797451,0.26362231062877983,0.2436502561426072
2.075889234556027,0.25691591867599767,0.22865510483840096
2.5519696859308203,0.2647267084198593,0.2537244746851648
1.8136768971121253,0.230677931411689,0.2705538600352957
1.5229642262513703,0.2285322744701818,0.22961477249765005
1.3221679417664332,0.24149065960325583,0.20790678196816245
2.2738507252254516,0.2593141257720547,0.2338223863849995
4.820502062720228,0.25282207106459315,0.2289544569325174
4.904685221126162,0.26503242844143454,0.2178710589060487
0.9595411484404925,0.2444314519369195,0.24420472887285166
1.5056552344190717,0.2525936400555395,0.2436213727174756
1.316233778372728,0.251790696258239,0.2335808220224135
1.1845658036585267,0.22832817069733563,0.2001973615958866
8.860110580832767,0.2831286118340763,0.2650164796235728
2.727581140443128,0.25099229593553973,0.2259861229810343
1.5420772106197498,0.27167089394223937,0.2927508856931082
1.9138674402114637,0.23872969462293073,0.21177229859455762
3.727027777647824,0.25975072424941065,0.2868158726764947
1.9104984158637002,0.2432899937542651,0.2591260256547869
0.681194034891837,0.24679561374796113,0.19613359140264572
0.5090075665521369,0.22540620199759234,0.2295245952284743
1.201096948944688,0.24904863165135974,0.25948425519642504
1.45291206700191,0.274031080781661,0.25166521858510554
2.8149038959008004,0.27634912254820787,0.26396648059029304
0.7131859517545204,0.27097875405225463,0.24888066492034397
2.556755018028168,0.259579105753432,0.25696486313780964
2.582933497662151,0.2898175663614774,0.25127364458095214
4.118374983086889,0.318977597352016,0.3198849941301009
7.159542557888543,0.21853335863246962,0.19714989266805483
2.5088622590808427,0.25090999185436447,0.2470770083665073
1.0542574248037184,0.2721761435715718,0.2880049212222553
1.1082188563605153,0.23815310381802005,0.21325820750747732
3.6359162327046164,0.27857978869054423,0.2724398002159151
2.060741337383875,0.2594166120640076,0.26423767001595033
1.8457250773630447,0.24335350076031317,0.2441360341930204
4.515414826749464,0.2719422914751769,0.23724392221463528
1.5677704988114614,0.25729379527900137,0.24121309063091917
3.0155627828960507,0.2640726935710436,0.25233745729301266
1.2919626510878621,0.26079233111475647,0.22921124661391096
0.6185427192884088,0.28052712334408614,0.2763439744227024
1.0971282541796112,0.26422592162016884,0.2344440438888518
5.417773566428165,0.29455472179662534,0.2797837154761691
6.937700020423698,0.2255465573804771,0.2108609682785938
2.5934300294227657,0.2768183815000844,0.2655724243193416
2.326857565267232,0.23252774345331811,0.23878938589053442
2.2228122049131995,0.2121639228134746,0.24378638902778438
5.569306522572978,0.25835700312184584,0.23275800063796978
0.41283311547459967,0.26213292002410593,0.22694610698793277
3.902607947096589,0.28566620016108557,0.2679025651229899
0.9473107215406092,0.2667493325495669,0.27549917328004114
3.598419381668821,0.24913544102545498,0.20332880094468264
7.492829020898438,0.2558771059188537,0.24258992972363722
2.409218481708333,0.23478721593148216,0.23345553090743085
1.237822113083929,0.27864345345350233,0.2796523381383551
3.388715368026047,0.2468884746806786,0.22935910278511162
1.2787212983788026,0.301917331170377,0.2891093341183265
4.7982828989577415,0.2565548582459512,0.22532904692445518
3.579467679627459,0.25786425563564613,0.21568238744163143
1.092197716229132,0.26120922077615893,0.23619181276381312
5.523656798350224,0.2804204980940596,0.28047529013239536
0.9970849402410427,0.2968758008880618,0.28023916039162294
10.794689312838548,0.25124864029113547,0.2308638521759285
3.8422281696387213,0.28305700296159203,0.2279726170771064
10.22569599929705,0.2629744672587845,0.273141984210536
1.663323220451648,0.25998629023319886,0.28985844335980415
0.7750689606786186,0.26771397763319393,0.25511448482404
2.4111111211079326,0.28877087948410446,0.25630677594307893
4.374582405295272,0.26154668374655504,0.26674371289886467
5.097671676941753,0.232779317698637,0.24080713176129045
4.553537731104513,0.2810864885396598,0.26507600977748746
4.803760271704422,0.26663953193436074,0.2637144498733152
2.4297947365748676,0.2550608747483449,0.2601351631133513
6.371859366503007,0.21286800231402433,0.2060383726406708
2.968434805372794,0.2335995772093637,0.2591740323034799
2.7210434704298763,0.2162103090989498,0.22080264825483534
0.8328396050882548,0.2676837808493037,0.23892834915049072
2.94193426738465,0.24600726188602667,0.2380815650623208
4.499343132685179,0.24968526648840847,0.2392319957695018
3.40512043537654,0.23921350497413169,0.22808038253762494
1.6021355171686726,0.2601497004288231,0.201673110462048
1.2438169074348853,0.2851044976849211,0.25113190579571637
2.0624549524048574,0.23572456224622726,0.21698320535760604
6.704036573079441,0.2730192339897412,0.2505516330885646
0.5797924360430614,0.23416883640665911,0.1968465964011209
1.1094673850564598,0.2630684008020264,0.24956371420436355
0.9366615894125863,0.24176699261953796,0.2400847939351165
0.24636849755557688,0.23783606078569716,0.20845547230139153
5.705209884787213,0.24661926470145856,0.22516725956227093
3.772041183313963,0.25761063546000557,0.28699937797118524
2.5378997419811977,0.2810329596600546,0.2909121842940372
2.6876721857468153,0.2630203998259106,0.24022083616847487
2.4212885969973885,0.24825303572606908,0.21163319707416273
1.443337060331401,0.25149907592059206,0.2624965295391104
3.7970741600741933,0.2659013964404821,0.23719482244199763
0.8212032633638784,0.2685063297969137,0.24837919824466298
6.166073117785184,0.2519908421867088,0.2627712368727068
2.807822622240751,0.2401648380090929,0.2374632836823187
1.0448945855961007,0.24616762206514706,0.21351969009007046
2.294570924327378,0.2649666611098031,0.28671988066810783
2.7403583384130066,0.22969457906568996,0.22548303886455223
1.2965708372021192,0.25614430514444325,0.21471458344361474
3.3600487267331443,0.23021517543283382,0.19839839490759037
2.03261968818597,0.2638333998238119,0.26464636884335707
0.9713425043020213,0.24378238293607826,0.2051046716379095
2.4535613518724335,0.25002341613286694,0.21180002038207632
2.2697551191519985,0.27963907359800527,0.2642761719276891
1.4951133694531533,0.2638409268509545,0.21655947468721212
3.2290384530302507,0.22582014075505577,0.24855922009833004
2.9493842389653526,0.26521891410337317,0.25914300677615604
1.5018747145431175,0.22924388044676489,0.22402131433592606
1.475427234725583,0.2609079955176084,0.23580151098319566
4.525056677483202,0.2623377341870198,0.253466580093137
1.5136127992414965,0.2682816241595282,0.2467404126225628
5.3656720360857255,0.24550471393791684,0.22743560620418501
1.562890783511542,0.28269565603124797,0.2788520379456821
2.9753199369564696,0.29024778013806,0.2868370163689732
4.1023315217763665,0.27655490838104513,0.20484808965108542
2.0682630991208595,0.28578886011793614,0.29419034596037735
7.293053432860756,0.21926635635104605,0.20518482256042353
2.380113411733597,0.26520588100970915,0.257158199757017
4.218187812142331,0.2673163633872486,0.24975231012612056
2.2768521305635807,0.25896951804019924,0.2577025103314523
1.231741952129257,0.26096040377515994,0.23832059654045773
3.2394770415387035,0.25198540619986454,0.2568765832031991
4.700526483126923,0.2475458353476252,0.2523626657952038
1.5036015011963226,0.2390655706654088,0.22844921565515025
1.7243563397089856,0.2583361980681699,0.27629358251046426
2.6375924768118444,0.26583527336145696,0.2257453956561947
2.4396153769735722,0.2690905092229164,0.24236901144716544
2.239468533878386,0.2499370302118536,0.26838573431770113
1.8862400382418736,0.2383919063858418,0.2293459423546153
0.9744225900163628,0.30713013245130083,0.2661567886075817
4.583699562654161,0.2498401145762176,0.266862440116624
4.613090672311507,0.2524247313169528,0.2544900777614256
2.1656779419288763,0.21910317549567138,0.23428392092811012
2.5715402359173902,0.2411753641391622,0.232465304003512
1.7154452099496202,0.23226784534381992,0.22743866164821763
2.352384775402735,0.25743348074268807,0.23884558674481787
0.6855499616266029,0.2989209319051291,0.2768845894436813
3.2990926204122357,0.259801151933275,0.23852902919861235
1.0343636209528162,0.2288807412175336,0.24613008427330652
1.5228744972197321,0.2618774224904014,0.2428287167672701
1.9468723817046345,0.27035621358255046,0.25068324870999864
2.02916525945831,0.27092431851880605,0.24813420979565173
0.24746285043142413,0.2483427246179842,0.24817473005085625
3.7941184966575507,0.24858472941773047,0.23300308306109743
0.9324510695343998,0.26040793991456107,0.22516806936197373
5.842382643095364,0.26094269024199734,0.24504187539161262
1.2159820224034472,0.25559996716354416,0.24141760737490664
9.100419557282542,0.280202647941518,0.24733588519141853
2.5445915649661592,0.2598975841547122,0.23475152263494925
1.4633570117626975,0.2390149826954279,0.2428356947896295
3.848402578453397,0.25829173641474207,0.28973879204172776
1.9597812312277925,0.26220621748064005,0.2549723093235043
2.3999578041391265,0.25245723845686696,0.2419154984434291
1.821547540459766,0.24813985715081033,0.2525861194438336
3.8344785213734736,0.24683216053795023,0.24469363636732228
4.268952020385453,0.24185067530832755,0.23407397994177967
4.962274530800623,0.28621644353634784,0.2574037986230504
2.2672107302832325,0.21742071510923824,0.20303422967414483
1.9863269744628573,0.2765451409648165,0.23987533909170003
2.3711803456753557,0.2753520260133022,0.24323963134195706
0.608638424597416,0.2265563395853717,0.2581049838743472
1.3825707678744423,0.2799920224345461,0.2660296724729828
2.5461173801846386,0.28254399806989783,0.26562814461958373
0.8903767501370716,0.2667275458897336,0.26076794000006126
1.399976766785613,0.2409348551431893,0.27865015667027265
0.9610974679561803,0.25762445869756817,0.25826933740230157
5.569201281250623,0.27465156702550314,0.25764655423399574
3.0799757292873906,0.2551836058498034,0.22772838823833103
3.9464911928821724,0.24767108079747704,0.2374263143754676
4.075536671414257,0.23392454834987816,0.1952109392665189
2.6459385941541225,0.2484581052958705,0.23828505353142945
8.993138836569027,0.2628598924872611,0.27075120522468904
1.682741492590661,0.2589723457503082,0.23677213099674718
5.51329598410951,0.24827914131432477,0.27111660183044595
2.4379250392101683,0.24241702877963892,0.2683294472401909
0.7096804750910591,0.2172522292109459,0.23217086903943815
1.0171662229132472,0.2538572598794336,0.2557585831901393
4.9153257637449075,0.23227053117401977,0.20283315219937684
2.1135797168011234,0.2287169745194737,0.2210179613062292
3.169388453164357,0.26655911418872263,0.28734496744927696
1.4510832986342983,0.2523372843419383,0.24721216597021847
0.5761969416504645,0.23842715228997063,0.21122316166502775
5.532458256776392,0.2615270413149381,0.24394026667978239
7.187148708741235,0.2685765341363979,0.23937534189423304
1.4412734636991842,0.27544105674810465,0.28716856904646804
3.110750935872452,0.2664119406000377,0.23153910418907825
1.5933876007995782,0.24477015904432997,0.2506522784915035
1.853345577032687,0.26623056405423884,0.2777984046747798
1.2043691071736973,0.24758394707494155,0.24888829094754128
1.1631439497727738,0.27556563708327453,0.256484900165098
1.7527201985925571,0.24046542357581063,0.250434608563576
5.8502701132129555,0.2490757955349555,0.2525041478052462
2.179019856889613,0.2464767070663427,0.262830469309294
4.5842663020541785,0.27290098369159527,0.2491020872588893
4.805459055120572,0.2628715711353009,0.28997195178863405
6.867930602344106,0.2500489121046011,0.21201719740798536
2.5047249542624233,0.2616440018968687,0.26910801912578436
2.948778409495519,0.27887766733250435,0.2717356258532879
3.8100013877152663,0.2586902898215127,0.22890504792088456
2.95586938489962,0.22544399798522358,0.2293158155950592
3.3419838922894174,0.23978122567781973,0.223312940775799
3.4325170616476575,0.2597419628456289,0.2623338151812566
10.976242806046562,0.27687974460439363,0.23538430060053916
0.7145454691983216,0.25121796882122793,0.22861903972453043
1.218871443595183,0.24903659887127652,0.29697598127856156
2.706058516354316,0.23091962209881195,0.2180020268263754
0.3599156917067607,0.24175335814627882,0.23802128538971037
2.274827074960098,0.2599122185945014,0.2930953397096061
4.121254461792905,0.2644984901150796,0.265836663711502
7.266194042897103,0.2724756983919153,0.2690079747701453
1.806486743022242,0.24145458715047322,0.21234375378897047
2.1635410341384307,0.2865223922299292,0.27082723566449896
0.32348812165743956,0.2529938944572934,0.23938770846580446
1.0060274921625032,0.26813503356819596,0.25968110384266135
3.450474098072087,0.23436926315557866,0.22963281171144986
8.38031922035252,0.2328414430020674,0.22118727541065636
7.3848991127778465,0.2631443055639424,0.2560756064334224
1.8193222920092025,0.26410217828473326,0.2733862044454674
4.322039684992943,0.24533182216076665,0.23618646669458762
1.8208539980500398,0.23759195451812706,0.23601479364889136
2.2713025100985327,0.2537416204076707,0.21453402733847127
0.28580258055899066,0.26959797496657734,0.25038143694227516
3.3524560509495123,0.23152380210656084,0.24169787463832942
2.2176076462568153,0.2523355254422569,0.23079248775185177
2.2590995064353834,0.30742888959872067,0.28056844174912876
1.8008827704414938,0.282991583477819,0.25791469949151236
5.810366827117419,0.21613019358365096,0.2702210267677723
3.770674738904161,0.2445303098524859,0.2442005998821602
0.4213492932545256,0.22896632499560804,0.19032811088388682
4.517257958825998,0.2795640621246067,0.2289091222741191
1.0488198824997024,0.2523913721063711,0.24577587151572725
2.962625109790351,0.23897101937054657,0.23316255964709542
0.6344903986124844,0.2571551794306587,0.2722271152317778
0.7533868302383621,0.25373151766332475,0.2504189465720829
0.6857740085177412,0.2920520965963858,0.26831861482590935
1.0855134705166911,0.23134750248821992,0.250230678461754
4.736286480209981,0.246257655292202,0.25600874692747555
3.8536714497829303,0.2614829478151072,0.2705484192931723
2.7538579040876443,0.22405744276632794,0.23465209571560078
6.636125731067491,0.24333774538892072,0.2380896914532682
1.9542210885063753,0.22402830067096788,0.2032886447596833
2.4204215098395254,0.23849552557315107,0.24692749282404813
2.4495536963741666,0.2587128130188133,0.21982018805978737
2.199960235935287,0.25770662888821155,0.22789049875839953
4.933275980099043,0.26120538617065503,0.2226544319613133
1.5792929726124856,0.2343743091925159,0.2443494496692381
1.2937793859954978,0.28713575208152087,0.2682814378083977
5.4316904521127185,0.2319273888122838,0.2179853243947108
1.256847997692243,0.27551304560269735,0.25354327780700675
1.197780158010876,0.26517051662295654,0.23535924956895876
3.6052709445564712,0.25638285809995576,0.22882705402973524
2.993903162083008,0.2627691189864752,0.25007523871912657
2.591458549255668,0.280327780843819,0.2606875670980056
1.5084128452467203,0.24004566469887761,0.23774646938769836
2.01422321782743,0.2705374639165609,0.3053061951108138
2.9949158260893594,0.2649409642565255,0.26390168762079025
1.2717840194845886,0.24368069022102243,0.2103417020062212
0.8842319646397303,0.26140385605495164,0.23318210147569104
3.189926283346615,0.2547914686764063,0.2264739986084136
1.6808315976638155,0.2499913914378047,0.2274062206906538
5.352132978386563,0.2773887357956525,0.2776633950263433
1.5736714712544622,0.252606953740391,0.24457149753673874
2.631379333195933,0.298670026722443,0.281716193401435
2.204420276589682,0.23015265790196657,0.2134324101180089
2.752133819064581,0.20375611457645598,0.22231828913433127
2.786445479099539,0.24392344827550963,0.2131681735427965
2.3219778704817897,0.29157217340460273,0.2910680086015657
1.7494755790722916,0.2626263164494151,0.24078343907590577
7.360575592476054,0.2477665669802037,0.2564588745846486
2.269875234027258,0.21427659844976102,0.27007037143158846
3.0878637657352757,0.23529223257539092,0.25277468313037127
1.1443312451826773,0.2632773131197451,0.2389601156866118
12.206942526048222,0.24843255731668035,0.26260803029419644
4.359456575367072,0.25875082941934757,0.25566127190388244
2.0918579588618087,0.26911033456211436,0.2120552687844204
1.0406255408856537,0.2531466297901812,0.21365259258781633
1.0540518875466895,0.24843814959604188,0.2242184784262918
2.842431513685504,0.24531010452412969,0.24982733502806964
1.3372791491732194,0.2378315714861109,0.23825544175291063
1.4546621074252837,0.24984687937328137,0.22682107001477309
2.4615416697857393,0.2843597107063481,0.2577063481077412
7.33274181207072,0.255543475709052,0.22029684251532902
1.4736239695668565,0.24488006359110032,0.21775713161830074
2.4509135875986208,0.24226722450321542,0.19651045406032056
2.5317112144097584,0.2994182740257716,0.29074501696418686
1.7111073957784966,0.24676620051847953,0.19868696693340168
2.8708293213461973,0.2500700195555487,0.2614487511574099
2.923609010658169,0.2749400922713447,0.25427332293358434
3.1166480255029665,0.2435963072098996,0.20267254309507735
2.9809764468084494,0.2636466894612992,0.20984111957540047
2.5778353695546126,0.24225952659025746,0.20056943485971676
7.6445834898130105,0.2559632510735868,0.2639075332335591
3.229062575775543,0.25756392373531606,0.217574157023891
2.50778327056708,0.2818989851962058,0.2802173836113814
2.776077278410931,0.27425294221872293,0.24084149506625602
3.388525491743979,0.24300587972610765,0.2033121182098276
2.8826552416401334,0.26821312309483564,0.2827979078800144
0.9090428327256622,0.2867720747587085,0.2587257038160174
1.312491081525508,0.25931259832968584,0.26361170668200135
1.1879612916772153,0.24343059499682093,0.2483884738699966
4.338440670326329,0.27469252227030594,0.2468926189391187
3.746677290751317,0.25991417296473324,0.25533491579492734
2.9739674910870715,0.27051492839919994,0.24771645498078265
3.5923556226977427,0.2474797499086151,0.25349470184791084
2.789401060473395,0.24658796432949487,0.23609387603031246
2.6907179819604874,0.2605087672918581,0.2558227056032163
3.118144071980391,0.2332475558195106,0.2724575867007057
3.377786428947632,0.2245039341744853,0.22693049326293632
2.2538663651918016,0.23868087543808178,0.25169864914907597
4.11743450368658,0.26660573872952925,0.2319243027842619
1.5124899130452285,0.2956907343886739,0.2605012497353113
3.9086384829293226,0.2636937529160432,0.2456552292074037
1.7928814138782183,0.27312098337228674,0.2648559749334754
4.196030113634165,0.26882672549959824,0.21358235455635494
4.56875427350598,0.24021704543483352,0.24051802373480913
2.811507876356306,0.23369932700111562,0.21196485796017683
2.0688306381374852,0.2477892260135391,0.27548488388210063
1.9988425014117126,0.23221190592297997,0.22568419521528016
4.547807138726402,0.2785106146835432,0.2648741979769803
2.477330737222118,0.2751070318249384,0.24995632245687563
2.5817468134614625,0.2149435492514445,0.20506517503780225
2.3614367946982773,0.29401792038837893,0.27212538313500395
4.811599625231502,0.22586485863515388,0.21644137955248513
2.1704929577055365,0.2673678481509447,0.2696225565943773
3.016700397576629,0.239338299419596,0.22413044383606873
2.518911972675041,0.2807967456455273,0.2283766720083703
4.719576422833118,0.25872674669707996,0.22554452449156157
1.7089336615436377,0.23286256615780082,0.2498628598055913
2.529208567198034,0.24045396848342346,0.19945602162852685
2.2192358187328716,0.23529002238973393,0.27160091205714076
3.950157756927399,0.24477739376825658,0.21811990077990914
2.9136258890072932,0.2628019492142624,0.2655135542515118
3.1328642862039313,0.26383234641183817,0.2634999925926614
1.673714147408143,0.23409267671904566,0.1926292591570364
2.3656996924481586,0.2524079593238541,0.2670267732644977
3.8375734850300645,0.25315769127328946,0.2101012968741334
0.9164525506985217,0.25845073146401226,0.24302691742593263
1.5179591065244136,0.22891594909034324,0.21926451986831866
2.6345269639404227,0.245284394226505,0.27322165548364724
4.846987278722092,0.2352099650461655,0.23553270626031955
1.5726494631921204,0.24042471595624934,0.2591636556869356
1.0922813722782858,0.2528554454176423,0.24067277068936271
3.2824114720990107,0.20182619743239374,0.22653355969538289
6.751662349078043,0.2765366044370846,0.2717230667631161
2.1884760996050194,0.24660901199871646,0.22442414922877962
1.0217338872851451,0.24180269709435817,0.26664528693504136
7.2867207398432425,0.2756923873615012,0.24407765923279534
2.754425639549266,0.25273443693581865,0.22844815410653035
3.4303396604568444,0.22148788662584815,0.21314714029847143
0.8625404915281046,0.24827989052057833,0.21937743140402743
4.578408400674632,0.2680616296855546,0.24196099161619694
3.4876809224137726,0.251815787004931,0.23679062507222343
4.279535731905748,0.22695789903482133,0.19969649931989378
1.3576446299767335,0.22756293578326797,0.2163733636851678
2.395986175434531,0.26086397918424986,0.21818728903077728
2.371410919490069,0.25600564239741924,0.2550619364068717
1.3824355617292996,0.2554265237952135,0.249579426441096
1.6106849106469747,0.2284051577326496,0.19856257376175213
6.876560419719481,0.24309904494529075,0.20914048682433622
2.7739627598482524,0.25167805497895906,0.2506925952521183
0.5448909025314257,0.26398750506247304,0.28776974491427
2.8461177298618394,0.2504850491150532,0.22383488558830864
8.33817758387537,0.22757294173765735,0.23733749153671727
1.215375360751004,0.24754116651762403,0.24693109562032933
5.279665696099281,0.2410857925627573,0.20992885871132377
3.063476572778775,0.26199777672241126,0.24236239928386374
5.6795614593286246,0.2736660705338699,0.25582859798010466
0.849166141982722,0.2514297995548677,0.19839274406767743
0.7984125290635886,0.2714032319413387,0.285611630782264
1.8144631286128319,0.2555828812454997,0.26714829990591576
1.705510703710679,0.2517735443478633,0.25841537209363385
2.1021337983899957,0.2670181999861286,0.26469423992847485
4.310832914339154,0.27005170772035664,0.27418141525880946
1.4418908198907756,0.25659152784144024,0.2232980692881714
3.700174334801904,0.270257834111489,0.24433302433696383
2.2791778223831125,0.2513493133241883,0.21059229715767624
1.895850010310369,0.2564173818977178,0.20925571538403895
1.1807364311285904,0.30172150541760395,0.28580417073534453
0.7598198937379173,0.2930912071129653,0.2724813750007099
2.284513870480868,0.24619969355024776,0.2102956364899997
0.9721210598144611,0.25131991033495205,0.19584583369510722
4.261210688519288,0.27358385660814605,0.24909895101453028
6.698871405241912,0.22411046844802998,0.20866876792563133
1.6330097365337435,0.2661891183808235,0.2670197938041638
4.638722528396624,0.2423804530196713,0.2481379601627579
1.5258533733750144,0.2528140421077546,0.23322211322236977
1.4651166230298818,0.2554514469206383,0.24289943441357228
6.426220888245962,0.24571072354603835,0.2759005742624837
1.5212912410704766,0.22325609307664904,0.1903636367666052
2.7980526466991145,0.22676719889277822,0.20526529693212683
4.67946405667358,0.2545353053395746,0.20964423591519377
2.0630489277808146,0.2653561558235754,0.2476765219224834
0.9536244269370439,0.26279786268665584,0.2448768014500217
1.5102485693615988,0.22401788602668557,0.22870532409531813
0.823167826160305,0.2579128149368904,0.255317619130543
3.934616705034432,0.26878937015931825,0.2573773605961959
0.30203649951283584,0.2556538369983883,0.2420447831147357
1.1363806531171432,0.2455618965710629,0.23650152104107733
0.9708950297994559,0.24637872504060068,0.22076453298573828
3.123239264529624,0.2364203400256937,0.23489446725704557
0.8273176147259623,0.23714892460472164,0.2348994283191802
0.8441957366500178,0.22907663749335197,0.18388658149488918
0.6802660757067684,0.26686531798304597,0.2336953086869174
1.8540548689262266,0.2726981105443176,0.23866020493535778
1.8142077742577598,0.2785666535129257,0.25997765461996664
4.019168351878558,0.21659790178090138,0.25037321364445814
2.543446425161655,0.26442311222387926,0.27886164993811813
1.3326944887822427,0.2903132992876485,0.267376496428634
1.4787693205077177,0.2540701254812219,0.2299266417352089
1.1336022199384383,0.2259662057502202,0.21088559827558437
1.9756545968718886,0.22739995003830782,0.24068845742731118
1.3324599184542993,0.22671044776451435,0.25428947622293563
6.847956506519081,0.24530029092906933,0.26256630812821047
6.800581492822104,0.2847941032563533,0.28799276860585965
2.0828424178627345,0.23031762199077296,0.19793025321060104
7.412885870894857,0.2674113748043308,0.2607963765351067
4.311287880773527,0.26857808118244586,0.24379165199282937
3.178111808215072,0.2489968717637948,0.25722905688963144
3.1620911151919606,0.2833659212227599,0.2646005561176548
3.2281175421837753,0.28849477731329237,0.29630253082089697
5.86650317357141,0.26807714409891453,0.2192195334346333
7.8221193560861195,0.23862234010646052,0.23259373497689428
2.0859389210813486,0.24310086248714505,0.21891217621683
2.796877409438311,0.24557228683521667,0.21437536143309868
2.1726184639877393,0.24822193260628456,0.24169945880001129
3.5009498457093566,0.23844944309662638,0.235890515156804
0.8670711772324363,0.26603417895859194,0.23119212602641517
1.8956846130076943,0.2531748891170206,0.22510321393385618
1.8335565616397116,0.24972590366626915,0.23578186750531105
5.897831947475297,0.2860224389882327,0.2625916510129403
2.363731414622762,0.28378984880686187,0.2264894474356
2.1023047858523847,0.25231543996790146,0.17561035628293034
3.0945107330948605,0.2609751060707293,0.26136455037966466
2.977060750554034,0.2797508832343489,0.2669550830931579
2.945029620029838,0.28456638359973846,0.2703701099049031
2.192277482904344,0.3363127296982343,0.31951274575051225
2.9545262299717527,0.2678677839957695,0.21749281934563494
0.7824538222553642,0.24091462676798142,0.22482020057771446
4.24687015543837,0.2479731219293841,0.23073055254136993
0.5878543660407082,0.2534240162675843,0.2519301557344447
1.9396322715976093,0.2228706571803838,0.2555584129853042
0.7928668948498669,0.2623228160320384,0.21943161681095066
4.707683254250632,0.2535812148955827,0.23747385445318947
2.1951953507004798,0.2510623441471666,0.21505466929875847
5.386637959926476,0.2696326731749573,0.2001493729419116
2.0377881235082382,0.226043814234338,0.22126184734690896
2.3642302587795885,0.2460657765289896,0.24494687136872073
6.813850457008617,0.25627635420322553,0.2351888085500537
0.37902480049918336,0.27355580553571895,0.2547912978989376
2.070222431610707,0.25930096581597667,0.24060727505348883
1.021026575401203,0.25919494758605593,0.23279958715149998
0.6245039901506197,0.2552554680545398,0.22245885251924696
1.6733486815038132,0.2696379907154209,0.23694918979086385
1.3988882199649861,0.2535908213684562,0.26873697501181465
3.802245199822643,0.25361060926766527,0.22661716065597498
2.6450238654734726,0.2589868663867122,0.23126695343263523
1.7368415139831253,0.24474304161183877,0.2662024349707032
5.574848512140047,0.24565846682499046,0.2307798138851528
4.6777934450390894,0.23345893178936405,0.2178202052191419
1.3625555338358752,0.25801748825959553,0.216983790263375
3.1183984844914745,0.25014941519335127,0.23107621608591394
7.801004765761495,0.24118196455906443,0.28830944489645255
3.71237684450573,0.2750692167545593,0.2573021858970278
4.9345076250728495,0.2393129283973176,0.21804502642201448
1.574980626597964,0.22620257709277153,0.23934861586033163
1.3805963947075657,0.25008782186195094,0.22920019214388168
2.2137871080065947,0.23320015013715983,0.21369116362249005
1.6834825103580808,0.23147445554047824,0.2402166418885111
1.3364535097153876,0.2413923354982297,0.23914003556680552
4.513818880239082,0.2863968803579786,0.23741042887855268
0.7963019222045246,0.23982719596652866,0.23641505071370683
4.667181592244868,0.2671580391458645,0.25430836275464785
4.088421926600834,0.2623079389040138,0.24683653214210322
4.1927278330972015,0.2559022842908776,0.26039052325244405
4.222757478119214,0.26029971965877774,0.24032495124920664
3.4627278242606496,0.24632720965509677,0.23241531457781048
0.8493095427398345,0.23344596153528852,0.2470284204012517
0.3865934110659399,0.2548507697437328,0.26279228476700833
0.9554375315753626,0.28942486424886815,0.2519268704129491
2.9673138716488445,0.27109147904719944,0.26829857252593575
2.5897286248501774,0.27906566126516613,0.259178244151113
0.662223612420388,0.28766828724770926,0.2774978055848652
1.5821026511389487,0.23502715959974255,0.18967569505941898
4.118890967923746,0.2334125703129655,0.2432177287400558
4.247228761253006,0.2448531613045565,0.23231100820962364
1.0912411458660323,0.2339207674176716,0.23680407456980496
2.580379322925597,0.2828279508628936,0.25221076769614625
3.097802044754833,0.2768382167324749,0.2802812172650183
1.788943790039007,0.2734808125465982,0.2565560657071061
4.377602167310666,0.21740141053727718,0.23274105737422823
1.3976431722390432,0.24676540716260872,0.1999654903282318
2.708469224461063,0.2381472996074095,0.24044034604329007
1.0654483290425358,0.2782512343538254,0.24072105503378508
7.781146802799374,0.24998634876891693,0.253980459034008
2.8666807868302002,0.2887016838580973,0.2853334873442175
0.8834779965935986,0.2495239267341013,0.19629140631286554
1.4099214384958412,0.23901790215968047,0.22019346228273207
3.916019599666896,0.2872121033596646,0.24728601526284513
5.102252150568761,0.25518598891361083,0.2578160874460284
2.399834146363297,0.2479668315724573,0.18847078428672084
2.661308131601604,0.23216810627405024,0.2348637630707893
0.3282633489131306,0.302628629861639,0.2692247562451714
4.694719311571979,0.22935034922355174,0.24980348197811944
6.8100214817988824,0.26100962525515153,0.27020569300740244
1.723948453228325,0.244691735582515,0.26474964269475143
0.9374221251825433,0.24596963763624097,0.25160471440422133
7.449305254947388,0.2552420211623384,0.20887737980915647
4.018717916335642,0.2624468510339143,0.21751191724955532
1.2950188649579055,0.2477061083639791,0.23753755436348784
2.5982543825164783,0.27058736397502403,0.2521358621397923
5.231437920510093,0.2598515596167651,0.2477326777132924
4.08583323895881,0.24638969295745658,0.2572495234491484
2.7006329727126333,0.290952548448382,0.28308071044439276
2.4755796112922157,0.24966701172451095,0.2181272771515588
0.8795288169700315,0.25508278941007406,0.251904678697097
0.9012735075433477,0.24293471947106363,0.2827343310180052
0.7415425597840223,0.25448303396468697,0.2121194081744602
1.5426286330687908,0.24162313527384177,0.27166525593921037
1.2379511585970562,0.26256683030665634,0.24122875771891203
1.9420694244126617,0.24068168779497848,0.23554640832811627
1.144461025150068,0.22980469346498542,0.18552446548013884
1.8413412618570997,0.2347192173183578,0.21284640374542102
1.0820559843251367,0.2600612939443799,0.25691577003325605
2.3988885017245645,0.28424949042575903,0.2778669682693514
0.8384351148303815,0.25126284673475896,0.26519558205562677
0.8980363071171655,0.25826031207703254,0.24352673050765125
4.617009213952461,0.3063964603617408,0.27355408291939587
3.675139532420648,0.27356318712836125,0.24349826026162358
2.121327630482273,0.2871816071123143,0.25152701290655455
4.792420233917649,0.2576516999557513,0.2445936738870802
4.46110022116094,0.2634352377668446,0.22501391645138197
3.465286829052105,0.25730826362961606,0.23632669575191556
1.6731321068877398,0.26893032292337365,0.24566859813268746
5.300348179871543,0.2590184785491741,0.2510973791757391
2.359278017723044,0.2663009360348311,0.2581563484379326
1.1871739372191306,0.24218499124706078,0.20200032857643882
5.359740665632012,0.25190508645228793,0.24540645678118211
1.2469238595743029,0.2868527019785428,0.277897756614752
1.773858379545997,0.2650750955331772,0.2605453560382913
2.0156063803540762,0.24278058996488758,0.26503466910405865
4.092173082986474,0.2602688920462941,0.23291379824826008
1.2218572266560723,0.2532618707282856,0.262579127362579
7.950920598936747,0.24535670302925758,0.22505915529911252
2.336992582737583,0.2707975781281432,0.30368391983585136
1.1556507822784254,0.21743403590869734,0.21665174719734587
0.7710750965148726,0.24640921892229128,0.2312429386179296
2.07282247523517,0.23686582749678145,0.22536034050495635
1.7465751336393953,0.2690650992331954,0.2264140493293018
0.8583441243739048,0.2598673924776704,0.24195286575413227
1.2561536082348344,0.24397353744313044,0.20494215156712559
2.5173176989716124,0.24143305729045533,0.2060827773276792
6.301600413768175,0.24957967249489074,0.22972060719145818
0.637472723116945,0.283561669003436,0.25633890071788273
3.8167855723517365,0.2804584105105897,0.28476966615345195
0.7043011731377335,0.2666101486400683,0.267185650817195
2.776863112970571,0.2625492650415184,0.21229862533262064
1.23607126054304,0.2740213008040065,0.2349146787081311
1.069877759253634,0.25254011802457754,0.22893259721857168
2.9555283739765907,0.2345468068008191,0.22980514066890212
1.4148978143811517,0.23606292770013562,0.23010832921642868
0.2315327484738313,0.2213179838738455,0.19891070773948727
2.3299417330190915,0.23125929299010067,0.26741237000765755
1.2853596837584917,0.2986987758487126,0.28213030663381206
8.623811549887334,0.2639354308547748,0.23375095017019148
1.708824013914102,0.2701120574109968,0.22983989131765323
3.3453098622696085,0.2343886616004983,0.24270438776946748
1.895885824279386,0.23698300986595383,0.20899273512047764
1.0573806058369983,0.2417961244055946,0.23557831034025595
0.8301354928465317,0.27097185091494214,0.25648758922892634
3.9580027117101766,0.2410995365788105,0.21760397509964782
0.8921028268398932,0.2462889297606937,0.27044956052305996
3.4151632021916676,0.2531534157862704,0.24990430733409053
3.124921910148418,0.2483006718380945,0.2693741019868463
0.7951021271600408,0.2433569784066149,0.21181141953619861
6.646860582200988,0.2772721196270722,0.2801489514544255
3.3401013794613,0.26153179502940993,0.23144666021640645
3.0477501043761754,0.24818756028150568,0.2611958833854372
1.7185406647633807,0.2503270831870424,0.2336861711333149
0.6783822884904727,0.27886299981445806,0.251787131815226
0.7035175503482328,0.2502862496301069,0.22716350894566217
2.761423847373488,0.25154217930266354,0.28990976909394645
4.227103692964775,0.2666588130800722,0.22309108029049535
3.896724437106429,0.26423245529326883,0.22380054503493682
2.153652345946011,0.2649220594321127,0.2267707663264413
0.6123458953587477,0.26376299489023736,0.2734177651902246
1.1783401271753613,0.2381399828238533,0.23738667832422125
2.9290088414457314,0.2804878047462323,0.25436957245058006
2.121065734283867,0.23605748610570187,0.2548430156279602
4.343723658884043,0.21864863867347756,0.21483783396260844
1.4607524675076327,0.26461530715468456,0.2530384072812317
2.009828822751417,0.2360096817406751,0.2130721543308371
0.5961289546072521,0.25596925920501457,0.2756115700354954
1.5678558978117714,0.22993356125776143,0.18977477711878304
3.8244393694792684,0.25240306471951746,0.24437453559692401
1.859500113017759,0.2612438342130072,0.23867701624093837
1.715431300841591,0.25326703702642067,0.21795913076751328
6.435967068592983,0.26466227681257304,0.2539558221050627
2.7066441640648393,0.26960968631579924,0.23187061240234227
1.154189379042024,0.24818169588480415,0.2533983628140067
4.587302680808486,0.26920301126155793,0.24026048338177233
2.24141006702328,0.22807938421571083,0.2212490387149247
5.1457796041166555,0.24380890312405404,0.24129697615907825
3.0098247209588957,0.2368929931756085,0.2028582745114739
2.9340629111922056,0.2463051068570254,0.22306833049318364
4.664963119694928,0.28377054745135666,0.30940629720910867
1.033695059483311,0.2548041889877404,0.23501499505779716
1.1682033806170478,0.26310101617184883,0.28394121329399513
1.136934446491741,0.22975358956816436,0.2508686982003721
3.654125140554346,0.25837549013962813,0.23968827974934015
4.356816286308301,0.2643831562465316,0.25061101062525076
0.5065701922369119,0.2506133989123658,0.2739443084729758
2.971304255536518,0.24586964443035392,0.23788770403520684
1.2164285634087728,0.2705617327802579,0.2508583994762041
1.6658568645515064,0.24319966269870955,0.2006980799861994
1.2226448959869367,0.23714281579900384,0.21168713032248582
2.0691416601103225,0.2573323315593943,0.2244792665884585
4.741095556201964,0.2559989932048465,0.23687598570324614
8.59695794824178,0.2532062621080379,0.20731198501449552
0.7753108539155509,0.27680413489681066,0.27933875485639903
5.176544865820825,0.2439662205573392,0.2389516616626823
3.310866484413602,0.2575343873331282,0.23073855042529345
1.0472778858045562,0.2857882227126439,0.25446380612588293
2.984574780051731,0.2806218937624267,0.25812341537968253
1.2829388706582443,0.2652203611003134,0.26856234910268145
4.00417267704072,0.26722977887580407,0.24008961485259295
2.0008687832402297,0.2651721516863036,0.24180270639818108
0.5900558753014904,0.2601232800651841,0.23797082121766558
2.2108710986157116,0.26069644947033416,0.24302153804503698
4.243376970604722,0.27695790851326324,0.2563721715737953
8.736522311632937,0.22270249593519326,0.26691838569266063
1.6321864890010673,0.22436240777844424,0.24002399452440093
2.5189679350074927,0.2498735854844798,0.279522969682893
2.389766454451229,0.2444614778800371,0.22281880835434795
3.7319460510788414,0.26321206310213335,0.28982501476465217
0.9910618862313376,0.2640348957142226,0.22774318066610794
4.0691161701555965,0.2740950307860145,0.23577620252931847
3.8695332563652114,0.25521510503834743,0.21683552313443083
2.9177294751579086,0.24412620473200503,0.2623943752298654
0.6373210343486108,0.2350973213625268,0.2359413429851419
0.9289326964478469,0.22790791198754665,0.21887229233457503
0.9221207117341632,0.2629057758567336,0.26819437528022244
0.6776492811837888,0.2816133981320011,0.2449548296423815
3.3565224076857914,0.27347906916727727,0.24210561827055208
1.2765292931811867,0.3175704116608777,0.2868925029521013
6.785847535654902,0.24810888132924042,0.22047766035589866
2.327139461347123,0.27837318879689305,0.2388427120126873
0.6878839036569994,0.2687130574197409,0.27884028097325686
1.4097383657532845,0.25189251374628785,0.26446810105367563
2.9051766738395197,0.22318359991044773,0.2151558538253695
6.254130632860696,0.2817338653834082,0.24665672534449998
2.7422660840444277,0.2738957920936663,0.24523726027493126
1.9028079068964754,0.25224628766881046,0.22225675195887462
0.28430317613236905,0.2564745972856418,0.27187203561733597
3.0759990299287714,0.2833405355662583,0.23989811503186428
4.504459057511857,0.2776439568147599,0.26820569408922745
3.7221159167439755,0.250127469419832,0.22132918874494306
1.3121350732108454,0.25202819857155284,0.23947574246776115
0.714432112222815,0.23829371495802387,0.24216898374254467
0.531759213531449,0.23575876366778065,0.23335039470350394
2.467811432373363,0.2595190377324707,0.2540292891515846
1.5001723481980291,0.2409101276115228,0.22842276166804032
5.316106910115449,0.2337465516057364,0.17799677464407757
4.577310197974172,0.2812238558000872,0.252603334181662
2.1621882731916373,0.2514047979640455,0.24129321229808032
6.258446743787418,0.25886859652520783,0.2435237897621816
0.5728079990128995,0.2670641139195548,0.22327272682820398
2.858220671795154,0.24508975904081487,0.2499255741586174
3.7567016998129708,0.251371750539569,0.22726229329317466
2.2231701789813854,0.2314545205805831,0.22069261500274706
1.1879996432581497,0.2577815286849286,0.23714118278159313
1.9304528439650364,0.27460630193782953,0.26276141474976766
6.145046637896563,0.24367549748569545,0.23278537760806528
3.365244913218406,0.24998085724702868,0.24358383740207792
1.9223443815929098,0.25871974495761174,0.26233853836672166
4.993009170468314,0.2679184542081364,0.2664414906686019
3.7586839606813074,0.2959678906396207,0.26450824673896817
2.8654768034414695,0.2538865835600648,0.22140150599740124
2.5433871220083626,0.24480279766618376,0.23578898965536352
0.9461802549611856,0.24204596258220068,0.23916901926791462
0.3758577861984184,0.24484670737550077,0.24692873436301407
0.8228156843920582,0.24725141072286738,0.2542146736447625
2.8101095555304405,0.26929077084674025,0.23255520241651312
2.8436259062050313,0.240737543117028,0.2379438995840004
0.915396586432391,0.271379720484165,0.26070309326347896
1.199171463536804,0.2688876006771312,0.26263409343095306
1.786186456698631,0.266149729673073,0.24498004380369104
0.9482928829872278,0.23896332859626632,0.22440618704763643
3.0243090020576475,0.2721281260306634,0.22602566300028432
2.9744959608652337,0.23865590430404654,0.27203908594686643
3.6547278458587136,0.24534931546977143,0.20357350445908562
0.9829965213423453,0.22507362569363645,0.22551507553766928
2.9852039144526574,0.2720147026442166,0.22582489425374633
1.241913976178156,0.2593347262619071,0.20709581191773843
2.389296190309136,0.23795201985071177,0.2128184756519276
3.32428369030094,0.2425607946090991,0.22220732770690924
2.5498308740721205,0.25434953432303514,0.224036464326612
5.049718782836317,0.2767612122846118,0.2619619793713139
1.2671586766540275,0.2775897469972773,0.26997354894002074
2.92913017675036,0.27227046905779845,0.24764607093850313
1.2414123463491238,0.2626605499110545,0.2580456722331621
4.229884347853719,0.25428558319919575,0.23917849381002343
7.478998207437005,0.270044167638966,0.23769364047568878
1.5924550509686877,0.24558602660936552,0.2447708535139141
3.670482670648039,0.28023265909840067,0.286470250921255
0.43496436523537446,0.24030628058546338,0.2624236476643503
2.621287185739008,0.23490831208974255,0.2628238189289983
0.9851746685056084,0.25144046198777836,0.21053029387471328
2.8549375264241865,0.2705014522523132,0.25305039066053414
2.010405393308524,0.26196174998791555,0.256561548377296
1.7832174035651815,0.2679337241035483,0.24592641085559616
2.2471123677715563,0.2585818516044902,0.2816602932896454
2.494421148561407,0.24504068562987102,0.29107408176605176
3.259811327649841,0.2227656779953331,0.22471395773764183
1.5368024671965501,0.23199353079805538,0.22884184431225701
2.9338116796794522,0.20249175532656954,0.2559418118635472
1.356611528394621,0.2242446206122693,0.22373885502292848
2.983452525698312,0.25114856899105903,0.2703283906677435
0.7371797563435732,0.26607973372717497,0.22785450481935396
4.829540268709399,0.2425652701092076,0.2553667302313839
7.876574646283073,0.24895773624732861,0.21242263533243644
2.0581202918466737,0.2647273720020733,0.2570499698415066
8.572706026364733,0.2513012735586356,0.23433742926069084
2.3415019331886757,0.2647674703713735,0.24222685073476116
6.292409657817402,0.2385242365703498,0.2166712696471255
3.936364911081026,0.27950006049477427,0.26624301035233117
1.796263564675139,0.23894838974285187,0.218967943877229
4.676229599306312,0.2674804511949795,0.2781863766683773
3.4411461248245514,0.25209672449334447,0.24890306461929318
1.440441299402978,0.2546320585368064,0.2303901456699811
0.3315427681776462,0.24794393815780622,0.2735682999365754
1.7170579772224268,0.23904465195160113,0.24031113187635406
0.9081520023106204,0.27449837247255876,0.2803100926567899
0.41022355585267256,0.25733380491749536,0.24149208581136694
4.319077008457505,0.2500774375445203,0.23239531600712
5.674048279678088,0.2481881291850205,0.1922486369927183
1.9798183218849799,0.2592359699321343,0.23595697803522672
0.8298812070372794,0.24362886018270188,0.2284006226276605
5.1907637438363325,0.25700001835779823,0.24785596232355714
1.6839975150506765,0.24267864005352646,0.20647480458593567
8.589700243542268,0.2616377561369892,0.2543990734729008
2.334271829182947,0.2592233697780162,0.26791289384480066
5.231786171311454,0.24927006833238863,0.22874942680065585
3.6248127008219764,0.2724722018210065,0.22640475445865813
2.1118343688057366,0.26928104191304303,0.265494343094979
3.067453535315438,0.2558912545910761,0.24798751162733185
1.8606301268139007,0.23872593148270693,0.2215096288771453
1.7253344884620136,0.2510200627430115,0.2415801556864347
1.6885803278029738,0.26020183514314393,0.23758229453428603
9.071099341750559,0.253852853740596,0.24453797945738956
7.730620741799603,0.2609128462980787,0.28091374998752044
6.03863126697603,0.24604862430290886,0.27847613154706147
13.103214989302694,0.2880733836530418,0.2579560370285288
2.8552144543761537,0.24461122816380423,0.22586406059535627
0.5577846367077852,0.27343135739769037,0.26422594493580126
3.3922955937516317,0.2799088980336902,0.2729000911574209
1.8622037399732392,0.2425921022814309,0.22744584254683495
2.1908893827865397,0.2499969125019949,0.22093829501100054
1.1472526133779557,0.26468414358548636,0.2583923447342564
1.7871580835090792,0.270572586864761,0.2099218498464294
1.0618159677286978,0.2497268178227166,0.27464655005253363
2.758982430766265,0.2605362510741369,0.2411894014918231
1.0158395936155076,0.2682462653327046,0.24184158819802112
5.097862638534906,0.23958355100075182,0.19840434628375728
1.3093960030503677,0.24322428923207312,0.26365558619380486
4.2189631027879555,0.25739993012598744,0.24749916789949866
2.4771119482507897,0.2531968331211152,0.24688709054292368
2.696827366910223,0.26393814439028623,0.2537353245692895
4.895736657773396,0.2595186447151543,0.2441221179099871
3.1262959300599986,0.22561538305833584,0.2245497678636927
0.8078457473364236,0.2385643512343637,0.26139698679668893
6.551456670014193,0.2510254794324956,0.22866372393981782
2.1213143261516607,0.2655512643770011,0.2290290415790878
3.154988049783907,0.2671962344713362,0.23586806321578943
2.7300808616834127,0.2682621651770724,0.2536748883517085
2.0193688720082665,0.2379934129987263,0.26560822417261754
1.8626807483349563,0.266989576134673,0.2632359146808121
3.7051857945555358,0.24697646961197176,0.2514832835917131
2.453465008235894,0.25782513791931083,0.24339151823880206
4.74557190853997,0.2831913522540489,0.25863335231692197
2.1744817583329494,0.24466260418056154,0.1918031810495344
4.073522968911185,0.24028814422343164,0.209637150915619
6.676860363182323,0.25977139562847396,0.21839932509026166
1.7456296871645167,0.301836308318677,0.2766241709212234
2.401770542200094,0.24023518100284644,0.265776827870288
4.676101629000879,0.2613462117026969,0.29328385872082063
3.053658504713142,0.21602328281781416,0.243425839730569
3.2712274032388713,0.2656798988488326,0.2835748459510482
1.8806174093038008,0.27504138424119,0.2607151402157375
0.6590382098096002,0.26127631775520743,0.2442402580007236
0.8096009347732951,0.26473839765666496,0.25846543810979494
2.1678392787510665,0.3120706250753239,0.2754596366438934
4.243333808610485,0.2778130077273785,0.23339729970553705
1.2928088428496587,0.27196487901197874,0.2448806233133298
3.723849040159118,0.25827382152194583,0.28146281655843225
2.131087918049088,0.2705070039368041,0.23161353850296285
2.4615859152029893,0.2843379401181596,0.2644456133211894
4.501726397333708,0.25047020224996297,0.21647253126778337
1.509880562072524,0.23610539174495718,0.22255854013796178
2.412183867887368,0.22161759402003803,0.22440295621880654
1.3548023196502328,0.23694062953756143,0.20678470548468053
1.4174551298225802,0.2714590090640934,0.2579767849669277
1.1080324917061393,0.23973473630582026,0.20007837134927034
4.737831289410934,0.2715179754991928,0.23101202676425225
1.5568738737543315,0.2359488079487879,0.2361356326582145
4.056672241492441,0.26336849068095874,0.2504598894914168
1.7523062364802207,0.25198380588492547,0.21880662820828142
2.3499804515563536,0.23914969610919837,0.21283782783442473
7.569597310281856,0.2649681779726124,0.2737562791251886
1.1527796830515755,0.23883239518996266,0.22771174932654573
2.2361925577849155,0.2555533686104083,0.18605377586657185
2.388221192551814,0.2775407265463953,0.22780383681847144
1.277187999799759,0.2788753014138835,0.25776228582787436
4.175895649779128,0.29124171205675625,0.2666842463828929
1.7284801268191203,0.2792028563969142,0.22989795067536217
0.9589509118092922,0.2571664032305403,0.24748821429861717
1.5452920618770767,0.2694869284480045,0.2681240101639019
1.03932222332728,0.25702604206761515,0.22672361769597177
1.7848834787980574,0.2477627600149364,0.2256288173322092
1.4866524910977605,0.2757073278527434,0.25387327144935784
0.8439136277702702,0.2796996664252396,0.2730824242064187
2.87632316312421,0.2871234205130192,0.22944409351980688
7.5393887508361646,0.2374997622054673,0.28919091907687744
2.37626747070248,0.27030895452373427,0.24672545054204292
2.583475746221449,0.24561337477556897,0.20925145409697773
1.0511702252672552,0.24999003310313092,0.25051301917588387
3.140755095589726,0.2595480544969369,0.23438772651311546
2.440682152447967,0.301670200485571,0.26638328134770173
3.137073665597089,0.2736105543146594,0.24015375118658552
4.080628739251805,0.2536968173479323,0.22040873896474347
3.9606339770968035,0.2755426789282041,0.29505040234438107
1.808551556645011,0.22284777188623195,0.2554674872283634
2.1982143889553427,0.25099253328162136,0.23051680432845822
0.5645223412370777,0.2468117586963675,0.2010805596502645
1.2014603224485698,0.2913952650880101,0.2599152415731284
1.584683980944681,0.26076285283755635,0.24911621772743883
2.2042123109879768,0.2531396373960676,0.21785730750764482
4.1260824603704975,0.26225314207132633,0.26199617454569113
1.3917386130569827,0.2441499452209181,0.2424073815123546
2.3859996407565593,0.25168597846855506,0.23924791699030157
2.7541632083380545,0.24041109158476542,0.20534255649114835
2.6180148812344766,0.23439724578878585,0.22842619454506025
4.497879728785937,0.22298368206303515,0.2227595957350112
1.3654414425020929,0.28039303673872373,0.29438721668764
4.359306112129294,0.227980794886863,0.26963143809796275
3.1803223252378965,0.2203485396031351,0.22594531740939974
0.9323838658419182,0.2654844177600981,0.28725686473456363
1.5091460462007142,0.2567825149029547,0.23541791185065655
3.1444078420686807,0.267525345617016,0.24103179193884958
2.892907110197641,0.24381518964376198,0.2577143043906583
1.3779995745161262,0.21526848672026644,0.22818310351062235
1.6913068817772827,0.24553000786621212,0.22430336424714145
4.705524097381044,0.23963239438122097,0.21878448689971985
1.9144931741895044,0.22340477835845632,0.19593618276391542
2.307516619848541,0.24875696066224237,0.26102997465948685
0.8665482360971545,0.27963347687435197,0.2764125248912065
4.147641737551123,0.25878804660839666,0.2691156212364198
0.7915839050065561,0.28596951961947187,0.26383260341152853
1.078445083536364,0.2970799939430994,0.2600952671940684
2.231238157745522,0.2432074940916663,0.2640099187521005
3.028800643713064,0.26835500767693515,0.2121188298448935
8.577769518481292,0.2369537467804051,0.22028139615187828
2.558161386842573,0.2601634281775618,0.2393714356724805
2.5028801401653142,0.2415183863275331,0.29003747161913346
3.7741045419531924,0.2574845696381564,0.2323302937071281
4.1396530509136715,0.2805731001046342,0.24709144426396615
6.819167604951934,0.25972225261155985,0.26859995516291946
5.938344587876067,0.24560217160134698,0.228715193363241
1.09673942470026,0.2173316856067192,0.18987812556588304
5.012310710624958,0.249525925933253,0.25921068504876
3.0123891349346477,0.24355087041457657,0.20183596604127096
7.452475626655599,0.2794489097320792,0.232382793979701
4.256999528211522,0.24088311098307863,0.2684328396681011
2.465253812082274,0.2541737803016696,0.25874242919060814
5.651616351157326,0.24695955578793435,0.25214028513934206
3.462340674548685,0.2633003400457231,0.25469875106082296
1.255308705604994,0.26857247135056206,0.27046846335452346
1.4047118323727594,0.2351760495439437,0.2283267908285921
0.1680748002338191,0.2856444170845841,0.24481125868493964
3.3776014270201675,0.2541715498007784,0.2232028557817713
2.1570749570623047,0.2406872588978374,0.21057360264137953
3.863770619092754,0.2865302867111727,0.2540625448472054
9.891797375461529,0.2671227393289559,0.254380311381931
1.1136637863848953,0.2433123823719042,0.22775467318427364
4.819675854115067,0.2755010576291667,0.273907848795135
2.1679969735954443,0.26839467352739504,0.23721243351259216
0.585083592277766,0.2553836677152384,0.2581372713223406
1.3241503445175609,0.27004803754215306,0.26392766946878154
0.7206874700118442,0.2416007399629313,0.2385950602698078
8.184208229873068,0.22421578056873745,0.19643746642201593
1.178265482193455,0.26015615429868505,0.2292506964515754
0.23375546045524853,0.22153836983907838,0.2059187612944797
1.7185435923398724,0.30608250068672477,0.2842035959978715
0.9829000461702956,0.2881735780775652,0.2694707124954804
0.8285523328904506,0.2616624827586882,0.25594089306638373
2.228627830809478,0.24091796687827216,0.2421377197268957
2.471826390796838,0.22583879443573865,0.1922292083769112
1.5270525858265271,0.2548043893618286,0.24879429222102636
1.7886776319755568,0.29992359769777643,0.2664919126282914
5.225466607061299,0.23956386901999507,0.1999144544068348
3.8952982508484424,0.22341401059027496,0.24023425847620658
2.8611565984402327,0.24615482427927812,0.2696909453944723
3.879597239478208,0.2408241492933297,0.2271316074197012
2.091270172368717,0.22902266401925406,0.23388875683374644
1.3959750944716687,0.28123679670036544,0.245643655402541
3.674949681569948,0.2539681890139604,0.22485883042025856
4.059355468929932,0.2682314442999607,0.2597167534448701
2.316888917748829,0.25206116181669713,0.24950886898300467
1.3686567130393907,0.24167233741219493,0.25133973041144714
2.079896430372556,0.26304543816465,0.22292109502153173
1.3588464716379047,0.21691565290963072,0.21433118595546305
7.4353324015772655,0.2434609233770553,0.25418475328171664
3.824971047842676,0.23847697683618227,0.2587565929324197
1.5807090399719974,0.24219690881582917,0.2738744434247237
4.317511001347237,0.23141209646828564,0.21894159899745552
0.09153367403473985,0.24231456146805166,0.24267071125866826
0.2926839825429507,0.2651679740494933,0.25795580030424425
1.6686913424434948,0.2506922073651473,0.26006448699080037
1.1204363061717975,0.25131909863335544,0.23760272259335138
1.2913940520297136,0.25593950182158964,0.236668363964806
3.5977462688018584,0.2533105152528282,0.27137846356801215
3.505949875443792,0.21778059224667992,0.23453629297986478
1.6421677559015744,0.2660867419950244,0.25216904626554365
0.2651844385221797,0.2705895736593009,0.23614564218293144
2.9649359978979577,0.26001383447933357,0.2177174219792366
2.6149108184096295,0.26149666387358983,0.23915996729822497
2.606315151006147,0.2713691188128666,0.24360911834195037
3.836392524287054,0.24558122941252838,0.23829319142443772
3.667432983680228,0.25869156157125206,0.2445647493901502
3.926478246071021,0.22302750688395948,0.20498263206143585
4.048994587657085,0.25912670435237717,0.2750909131786429
2.9930864847058047,0.2763762584841938,0.2419244200820485
1.9863081355681418,0.25334345850596485,0.23561929997976863
0.8506892388420331,0.24527249209897736,0.2524553376618656
2.5044076793895527,0.26035688174050253,0.2597422814142533
2.56714212565175,0.274588079473883,0.259461270729228
11.871936464494272,0.25404979803950384,0.22427311296467123
1.0893585291082708,0.25360397754739183,0.22854244435024337
1.3674574079924433,0.261746981884204,0.2518693654715881
0.5338936511479571,0.2523545188892563,0.25716704812428126
2.5263125246729934,0.2461758069798903,0.22831979856528686
7.8095237663994075,0.2257091041910914,0.22018559965760431
3.152452136092813,0.2319206034055339,0.2584638814955726
1.729694961722209,0.25903817071901014,0.23146194087012145
0.5789317295204344,0.2711417371859855,0.27664586815962994
1.5959439074184854,0.2556368619810123,0.2525109956899972
1.4615407192221583,0.26752088852307027,0.23412299240878698
2.226783851150645,0.2588647942398061,0.23226531783364077
0.8095505325473769,0.2425198736150796,0.2425311084368601
5.91795767953111,0.2747348928185148,0.275066391072141
1.3040685177129194,0.2638738265681045,0.2670635757812619
0.8800557868154443,0.23638929464852934,0.24459196655803422
3.4555454945406843,0.23673502771772437,0.21648106863453007
3.4342238037212542,0.2686014882861225,0.2332553866469277
5.854212863928961,0.23588453240189103,0.2630168610911796
2.2054243838578613,0.27450039267003296,0.25617908961696095
6.696241410288858,0.254892377451534,0.2560864567486463
5.844603439588602,0.2725973453450601,0.23765569778478174
1.684220852030256,0.2334589802521567,0.19414099792674014
5.220164491509868,0.259671413140162,0.2548272109367853
0.876165416632873,0.24983052761777602,0.2520321675195544
4.1853120651590014,0.23619312669425782,0.23326627713260584
4.859454217025446,0.26664147665677745,0.2579069165910557
1.2364042987970754,0.23552560259184313,0.24809820357728166
1.4154246140573878,0.26801702587353987,0.2306561578835919
4.102775984741173,0.2730737089195803,0.25962299733239563
1.8083727214913323,0.27266008835662625,0.2666476599880291
2.8975378130896248,0.25068627798602494,0.27575209427626696
1.4886423380631932,0.2614829253993263,0.22302058356594798
1.3809572641395487,0.25482279339120445,0.24788052495398494
1.873807566171049,0.28217405560113623,0.27781157803865436
1.6962935318246684,0.2520880828152394,0.24798388904016
2.4567830832697966,0.26138956577379063,0.2307640051352025
7.171440342515512,0.2536678444194023,0.26099400381172283
2.46884716463049,0.25445860221382505,0.19296716333233754
0.9127144455454863,0.27302731399177516,0.25312654592405665
2.5338224791224966,0.26794204455873016,0.26172221099399207
8.669513317042446,0.25577599545391866,0.2666071621960378
3.2484460767198424,0.21361253314949508,0.20844015912456978
1.2565000854717139,0.26377870042358187,0.22879523898086354
2.727828367622135,0.25448232838103774,0.2607245502793454
1.2515717026879323,0.26218730188367756,0.2534556802841989
0.8529304315163009,0.25737745852604177,0.24308812750099212
1.1951547331799686,0.2556923940823698,0.25530902356173096
4.160939461477062,0.22646601079991913,0.2394082782662907
1.7281289029878961,0.27258609543808465,0.24265744947366896
3.8365339679063726,0.2584803712870587,0.22722491525359154
0.6828752604910494,0.2651809556902152,0.21872830660604345
0.960981503632159,0.282090148086801,0.28221476195058354
5.813015274647077,0.2570992602356398,0.21714699499660498
0.754624208785415,0.23731082384347496,0.24809000933236977
0.8106485698299568,0.23815602013727502,0.22520985739664118
5.782108967905367,0.2531006904251323,0.23375231239718466
2.3256274129676155,0.2623463312469987,0.2604576829868204
2.403073065595289,0.21490230365473806,0.18525720313485639
8.319208713550513,0.27079815123961193,0.2569128966791932
0.8293741389340114,0.24087055699400334,0.23012404191190058
1.272408773478529,0.2515095647233112,0.21184524594655255
3.171384802022064,0.2525499971572671,0.23957473280612945
2.4129997110885473,0.2476043674309958,0.2279345649544756
0.729845386817577,0.2720182908217473,0.24279119853191777
4.590208460193751,0.2408144643944685,0.23275648242429023
1.8236420713086807,0.26657711389956545,0.2588446850089364
0.8954862309567834,0.2638023173437315,0.23047410987772915
3.3191025218010615,0.2190121380214179,0.26075723539772466
1.2905457059333405,0.2470501743722176,0.21254137329950432
5.440397975501934,0.28272109754214403,0.24916743466053753
4.210394529821779,0.24572812262364846,0.24790635110983394
7.019836097928615,0.2802276688880286,0.2640473243000895
1.9765362907818853,0.2637131102197608,0.26878988392106495
5.369424691988901,0.2548362827446909,0.23355054825219668
1.077006855928648,0.23350377355841526,0.20649622279135976
1.2757348674470805,0.2260708888914797,0.1847970038958889
2.6464845457834323,0.23761953645745493,0.2514232893902931
5.860180096469634,0.2597218177195972,0.2539293231294027
1.1110836563274373,0.24141676298785733,0.24298819892317552
1.9127988324517566,0.25322021598616906,0.2186392345052605
0.8278562718357636,0.24620962709701086,0.237004131513423
3.468230938901692,0.24081408221852746,0.24060458391564943
2.9917137644612257,0.248673628891394,0.25580584676959756
5.0678288660975435,0.26984770339886704,0.2594017259892211
2.9013318578118783,0.29069151095207474,0.2691272655130748
1.535440971820984,0.27010081110471995,0.2724761125810319
1.3173142707839791,0.2360656539878798,0.22045397851007673
2.1685864885679518,0.2345214708517984,0.1846542599260211
2.5967876276942414,0.22518618025629764,0.21332023701894054
1.4288656091081031,0.25283254377738895,0.22502198318181224
0.3233762326551456,0.2697142285488184,0.25582698328548387
2.4199754332769214,0.2672098553923344,0.24280180699798065
1.5893378211473463,0.25600733213518956,0.23958778855827995
4.477927366061755,0.24048042297157035,0.23731647631229796
1.1057149643358573,0.23278592901784353,0.24301755180736956
4.809315508948478,0.22728378984494657,0.22214226011659027
3.1805268272502074,0.25298079129942286,0.2260674147935637
1.802756894155055,0.27107483917275127,0.2620254590170619
3.4169561992469903,0.26522224238306963,0.2373216204208827
0.9502847614192454,0.2563783502331321,0.25674730772273396
0.5571513936108162,0.24034898947254266,0.24807707303780427
3.0040583394651543,0.2844551852100799,0.29947631574182143
2.645805738996618,0.22090776763486847,0.19538027787615608
0.7475462704081222,0.2565634489445053,0.24097371532752457
2.8945175701258474,0.24140298529204082,0.21545526227878256
3.8524560121011704,0.26274061331356313,0.242511481145792
1.3534219439151778,0.2389911385714753,0.24018705523218364
0.94755930579566,0.2602947766888551,0.2508551052641768
3.1970156268234526,0.23955637301629018,0.2276906156184042
1.6336295786386565,0.2315831793958262,0.220529970278012
4.564231884118137,0.25358215250398336,0.21932248859257908
2.328660191296261,0.25478785983503305,0.21798811213333946
2.4321958723412127,0.29088274641600353,0.2759389964949927
0.9876627796837795,0.24320222144564152,0.25583535871019986
2.969344890296888,0.2995680584551718,0.29317711340324576
2.23457904944077,0.27167171429494763,0.2443998145601664
0.4883601526617944,0.23721528788437365,0.2261049490729735
2.3617515901445842,0.286336570804363,0.3039829771276456
2.907959297716097,0.2532263988870529,0.24502596351625652
1.0735526694874833,0.2805827433862272,0.29429704877730856
2.0645045453770843,0.25256164641481355,0.24764222109509917
3.744982957983592,0.285640346170763,0.28021739182879213
1.612969602132663,0.23147393803208566,0.21300427251900045
4.015934369266424,0.2809930595253665,0.20818750878335981
0.7335300088547597,0.233896232401652,0.26300199015138
0.6548179605891781,0.2561958833642866,0.20385293590649886
2.4072758672467076,0.2452062056193324,0.20391159407339884
5.145041678157238,0.24581457451812164,0.21678343109678472
2.0242441011311847,0.22474497141786565,0.18594765107891376
4.65451979338416,0.22026945835719786,0.21222460283760897
3.437947891155427,0.2482012330290432,0.25010460555048486
0.4384180176518179,0.26012233690932723,0.25966324341979186
2.604981672741835,0.22216417555488147,0.21303904234041407
1.7166258105235144,0.2402297037781143,0.2945323591160056
0.7465573259812275,0.2654160691006383,0.2546214626507972
1.0971702374234036,0.2767890750635901,0.26507341321113315
3.162900008527789,0.25747458895755515,0.2294844043297211
2.040352660348104,0.28397920596885307,0.26625189578216346
1.8424719172251096,0.29889522643707145,0.2525237905638676
3.9706000385980276,0.27700973469086304,0.26650316806536933
0.27954673302511424,0.2777261103956503,0.29412491852951644
3.029497226570187,0.27307334857780785,0.27415231440161136
1.0112414322392607,0.2794898300232057,0.24889981509990716
3.5753140864553568,0.2779006473783893,0.27593052116966477
2.8458953186209124,0.2714624331039057,0.2678059646250303
1.9243899955986397,0.2569333364050812,0.21494977096251933
0.997420010961768,0.23134994284831495,0.26449017755100873
1.668515355833545,0.2644154560456083,0.2550286407977234
1.5782249586674442,0.19767931566745875,0.20372561246075302
1.48135399007242,0.2503111258048743,0.2698342164710607
1.7232868574380047,0.2843163357057374,0.2394166825894331
1.6545226594919116,0.28548878776599224,0.26101419554145233
0.794236766428806,0.2525864450277036,0.245822393758274
1.4361949263994955,0.23315689753030172,0.25546354762801643
1.6395938091710927,0.27765735292581645,0.2900315322768638
6.462734299598903,0.2707014212091502,0.24532869057040455
2.5379567824686493,0.24705522464144816,0.22800363998600676
3.132100724199405,0.24849029483471421,0.22167899017515685
2.1872425126399664,0.29804033344863967,0.2699593118398283
0.8896445320137657,0.23522540619190108,0.21764445694693735
2.0098295544779186,0.2592220309838857,0.22340297554399283
0.5143086018133914,0.2215023672521569,0.21550286119703388
1.4546411133399555,0.2475506338877101,0.2895418084151433
1.1051477440722441,0.26992340339164445,0.27942065645072056
1.4811883002403248,0.23926408694384507,0.22128785249839095
2.59245563223625,0.2616362503822008,0.2559975310343925
2.535727990120906,0.25394269969483024,0.2075518337481154
3.373306038731945,0.23789514054237615,0.23222721147023473
5.912878973276534,0.26973958175266066,0.29460842707494705
1.340648589056406,0.26712613886672176,0.2472914927141698
1.3074347257029884,0.27550406669443567,0.24627897080772315
3.2874969177858264,0.22702072944910098,0.24639882033426452
2.261143247702299,0.2649809096530121,0.26703922418633974
1.4169728282882137,0.2300712959723267,0.2244396404043889
1.79189565147021,0.2485828271822013,0.2693449005731324
0.9425802240157716,0.2774267488471242,0.2849318346843072
0.992850055471821,0.25427348915316794,0.2116308297856733
2.609188873860697,0.2518059821756053,0.22934128649039678
2.409338820637224,0.25101669162704593,0.25135498583290566
2.1005912740034023,0.24996596524837084,0.2309321452570983
2.979920570743176,0.2501716327860533,0.25378891637154377
1.2871099592346094,0.24132310419745387,0.20715017829645113
4.923337544999327,0.23574455681564063,0.24214059965374032
2.207221441835943,0.3032436162640423,0.31684780209678
2.4938426651972994,0.27028413729386563,0.23967395672147537
0.5105891942467933,0.27865039944773345,0.2629607560845788
1.723904121279853,0.27015463135375967,0.24191532958082204
1.3516972335266193,0.2504133443334079,0.23466166232261734
6.797377517452399,0.24786580925405832,0.2421106466383934
1.7718034731987897,0.2547847109012311,0.21262713145169698
1.4995389473574847,0.27256840832390683,0.2570309951213486
1.478305704977694,0.25717001683782775,0.24350391316527895
4.577172340202133,0.2606807343222868,0.2354150904294965
1.3716863339529168,0.2485629144015256,0.243717853988491
3.9889261627706047,0.27696766590293337,0.23165151976114515
0.31452657467433476,0.2612058969992716,0.25115439942445755
1.3142941262449286,0.22870509071472503,0.25684671256859104
0.1197953093369677,0.2252449644237523,0.22817676177929985
1.9993141324497443,0.27133001625684705,0.2538886028522983
2.5151523370697646,0.2581405520629848,0.236290391952743
3.1785846435651988,0.27673032218121635,0.25311324132204643
0.9207790816809821,0.2251411632313805,0.22097308389156978
3.3522635859834145,0.2495300476421424,0.2522334981455462
1.5857391193492947,0.2475468999494545,0.25248304376863406
1.1974714149219965,0.2640977082843077,0.26398405798843144
5.817433617883459,0.2507086557560797,0.23763205838688975
6.297631921820808,0.2831951615840016,0.2778016531368787
0.4899269050477727,0.2414482065576284,0.23946858323965542
1.1341384565049917,0.27777586329481524,0.27026783565719886
1.2733577652741803,0.2861911933803879,0.23665312096973526
2.0257505920749654,0.23269995263626128,0.24638843271620522
1.1919246105475576,0.28181376372630146,0.23453957034704576
6.2903963601352535,0.25238309665120984,0.2434244675951631
2.4304462023135347,0.2538690590382894,0.2318128222628914
1.8449746402918312,0.2620224822334274,0.24947585593888283
1.4048266242595673,0.23963363626449347,0.22505243349423704
0.740979517776916,0.2613157633476572,0.24795624243056116
0.6680204476517225,0.2483459552391999,0.248701957938923
0.6350030017351861,0.2360311063077725,0.20634602893760762
5.105025235027283,0.24427790994930582,0.18455949903571006
0.8503066447260162,0.28500098103056976,0.2528915063763802
3.571365289727786,0.26825639001322615,0.22619694074924385
0.8178303786185281,0.2716771203351371,0.27168808829729413
2.7677607580445502,0.2799646594540714,0.25253022145566056
1.231473161841953,0.2319846330455204,0.21528702890000634
5.59324437131319,0.26999609107282374,0.24533130675345766
1.1497504986456348,0.265672712636319,0.2379468118961649
0.2631416619356436,0.2600465160277511,0.271233122790201
1.5233899839623883,0.2821980480322066,0.27348843789481414
1.9359925081997889,0.26802546440690556,0.2968662430494578
1.2035753488430778,0.2770603764088907,0.29896066618509376
0.39463027519979493,0.2519832856664217,0.25078883392590884
3.7005027351510194,0.2740435528343313,0.25770196042289895
10.760643729690187,0.25633260000199853,0.2573225836130209
1.5872891590960123,0.2447190737802539,0.23268250227571594
0.9936881105638029,0.2511365482846052,0.22273502075619298
2.6325377880384413,0.2536397445877863,0.24725002962868892
2.3541239477178633,0.23906786629544458,0.26216915813111086
0.764572344762118,0.26521004449830293,0.24692237272856227
0.23973349560427973,0.25556353325944403,0.22595056055886442
2.873394931818285,0.2561104386850743,0.2924105268649953
2.0393622292536593,0.295920126958772,0.2686860471521333
3.7576077780650827,0.25225619994124676,0.2408962528755736
1.6058915921690327,0.27936434244209546,0.2775171863018914
2.473100442107983,0.24973843327676176,0.24504538114194746
2.153156189605557,0.2609672221420079,0.2409126446769137
8.108841039238229,0.2580563241068994,0.2621645946798918
0.9921385441185153,0.27281473786397953,0.23412415092687683
1.8443234058453717,0.24676618339730258,0.2188044016791553
4.712605723056335,0.252970459040829,0.21128693711134477
0.6222197427437505,0.24549407051145325,0.25184573125278015
3.2672972357213617,0.22279769369704877,0.1713018710648918
2.1733414804374243,0.21795677485615392,0.26776622839860814
2.260913213730621,0.22610372820541164,0.22061466960472664
3.7698796563671855,0.2605116782569278,0.21287508676106126
3.4877503024699448,0.2512039770035925,0.274436984314034
2.8867026784653875,0.2670749971342755,0.2552252194749739
2.6959518523975543,0.2825757194847105,0.2528314837752633
7.371477272437611,0.24372542773214126,0.2610362899102035
